TXN000001,CUST8927,Aarav Sharma,Male,37,Savings,BR118,Connaught Place Branch,Kolkata,2024-02-18,12:27:25.0000000,Deposit,POS,57718.16015625,235376.921875,293095.09375,E-commerce,Success,Desktop,0,4,0,567,6-10 LPA,HNI
TXN000002,CUST4086,Pooja Yadav,Female,64,Savings,BR114,Connaught Place Branch,Delhi,2024-05-08,16:59:40.0000000,Payment,Mobile Banking,41484.390625,257019.046875,215534.65625,Education,Pending,Tablet,1,34,1,305,6-10 LPA,HNI
TXN000003,CUST3654,Karan Malhotra,Male,52,Current,BR110,Banjara Hills Branch,Ahmedabad,2024-04-11,17:32:28.0000000,Withdrawal,POS,47379.37890625,313817.40625,266438.03125,Utilities,Success,Desktop,0,5,0,868,0-3 LPA,HNI
TXN000004,CUST8245,Aditya Verma,Male,56,Savings,BR102,MG Road Branch,Kolkata,2024-01-06,05:19:43.0000000,Deposit,Internet Banking,60017.28125,415267,475284.28125,Retail,Success,Tablet,0,38,0,434,6-10 LPA,Retail
TXN000005,CUST3648,Priya Nair,Female,63,Savings,BR116,Fort Branch,Mumbai,2025-09-10,18:13:57.0000000,Transfer,UPI,81484.65625,194847.375,276332.03125,Grocery,Failed,iPhone,0,90,0,836,6-10 LPA,Premium
TXN000006,CUST9905,Aarav Sharma,Male,58,Current,BR104,MG Road Branch,Bengaluru,2025-02-03,23:41:02.0000000,Withdrawal,POS,66081.1328125,295921.65625,229840.546875,Dining,Pending,Android,1,86,1,540,0-3 LPA,Retail
TXN000007,CUST9184,Aarav Sharma,Male,56,Current,BR101,Connaught Place Branch,Hyderabad,2025-04-17,07:14:19.0000000,Transfer,Internet Banking,67462.0625,47874.87109375,115336.9296875,Retail,Pending,Android,0,81,0,544,0-3 LPA,Retail
TXN000008,CUST2055,Rohan Joshi,Male,62,Savings,BR116,Fort Branch,Bengaluru,2024-11-18,05:13:26.0000000,Transfer,POS,28868.69921875,378374.90625,407243.625,Travel,Failed,Tablet,1,69,1,694,20+ LPA,Premium
TXN000009,CUST5011,Neha Singh,Female,34,Savings,BR117,Connaught Place Branch,Pune,2025-10-03,02:58:50.0000000,Transfer,Internet Banking,95320.6796875,13031.26953125,108351.953125,E-commerce,Failed,Android,0,70,0,394,6-10 LPA,Premium
TXN000010,CUST1187,Nikhil Chavan,Male,27,Savings,BR114,Banjara Hills Branch,Delhi,2024-11-30,18:47:08.0000000,Deposit,UPI,86957.8828125,131072.96875,218030.84375,Retail,Success,Android,1,14,1,645,6-10 LPA,Retail
TXN000011,CUST6105,Neha Singh,Female,52,Current,BR114,Fort Branch,Mumbai,2024-07-07,20:52:33.0000000,Withdrawal,Branch,2795.85009765625,265233.75,262437.90625,Travel,Success,Tablet,0,36,1,850,0-3 LPA,HNI
TXN000012,CUST3591,Siddharth Rao,Male,32,Savings,BR106,Shivajinagar Branch,Pune,2025-06-09,13:31:30.0000000,Transfer,ATM,23084.109375,198534.046875,221618.15625,E-commerce,Success,Desktop,1,15,0,518,3-6 LPA,Premium
TXN000013,CUST5431,Priya Nair,Female,24,Savings,BR120,MG Road Branch,Bengaluru,2024-12-14,05:26:47.0000000,Transfer,Mobile Banking,799.330017089844,321525.40625,322324.75,Dining,Success,Tablet,0,52,1,302,10-20 LPA,Premium
TXN000014,CUST7983,Ishita Jain,Female,27,Current,BR118,Fort Branch,Chennai,2025-06-04,04:20:22.0000000,Deposit,Mobile Banking,12507.6904296875,326524.875,339032.59375,Healthcare,Pending,iPhone,1,49,0,501,6-10 LPA,HNI
TXN000015,CUST8405,Rahul Mehta,Male,22,Savings,BR111,Fort Branch,Chennai,2025-08-20,04:56:58.0000000,Transfer,POS,62724.9609375,146332.90625,209057.875,Retail,Pending,Desktop,0,40,0,883,0-3 LPA,Corporate
TXN000016,CUST5467,Arjun Deshmukh,Male,62,Current,BR113,Shivajinagar Branch,Chennai,2025-05-22,07:27:31.0000000,Withdrawal,ATM,97964.421875,367170.90625,269206.5,Education,Success,Android,1,78,1,591,10-20 LPA,Corporate
TXN000017,CUST5141,Aditi Mishra,Female,39,Savings,BR119,Shivajinagar Branch,Chennai,2025-03-10,23:31:29.0000000,Deposit,UPI,88304.3671875,320817.84375,409122.21875,Travel,Pending,iPhone,0,90,1,771,0-3 LPA,Premium
TXN000018,CUST2889,Aditi Mishra,Female,58,Savings,BR109,Shivajinagar Branch,Hyderabad,2024-09-29,02:42:26.0000000,Withdrawal,POS,50957.6015625,259009.703125,208052.109375,Travel,Failed,Tablet,1,75,0,726,6-10 LPA,Retail
TXN000019,CUST8133,Ananya Gupta,Female,31,Current,BR116,MG Road Branch,Ahmedabad,2024-03-17,11:17:57.0000000,Transfer,ATM,57729.26953125,439004.5625,496733.8125,E-commerce,Success,Tablet,0,53,1,688,6-10 LPA,Corporate
TXN000020,CUST6417,Priya Nair,Female,27,Savings,BR104,Banjara Hills Branch,Bengaluru,2025-06-30,21:11:57.0000000,Payment,ATM,64627.98828125,220512,155884.015625,Dining,Success,Tablet,1,70,1,796,10-20 LPA,HNI
TXN000021,CUST8657,Sneha Kulkarni,Female,27,Savings,BR102,MG Road Branch,Pune,2024-11-08,02:56:24.0000000,Transfer,Internet Banking,27349.66015625,498112.65625,525462.3125,Grocery,Pending,iPhone,0,95,0,695,6-10 LPA,HNI
TXN000022,CUST4865,Vikram Reddy,Male,26,Current,BR117,MG Road Branch,Kolkata,2024-06-30,01:48:20.0000000,Transfer,Branch,75875.0234375,437807.34375,513682.34375,Utilities,Pending,Desktop,0,68,1,695,20+ LPA,Retail
TXN000023,CUST9541,Priya Nair,Female,65,Current,BR119,Shivajinagar Branch,Hyderabad,2025-12-31,02:51:12.0000000,Transfer,Mobile Banking,77679.5078125,224808.734375,302488.25,Utilities,Failed,Tablet,1,8,0,681,3-6 LPA,HNI
TXN000024,CUST3330,Rohan Joshi,Male,47,Savings,BR104,MG Road Branch,Hyderabad,2024-05-24,03:28:47.0000000,Deposit,ATM,46855.76171875,151325.953125,198181.703125,Utilities,Success,Tablet,0,54,1,703,10-20 LPA,Premium
TXN000025,CUST4568,Arjun Deshmukh,Male,57,Savings,BR114,Fort Branch,Mumbai,2025-08-13,09:51:39.0000000,Deposit,UPI,85718.25,208422.046875,294140.3125,Healthcare,Failed,Tablet,0,64,1,697,10-20 LPA,Corporate
TXN000026,CUST9879,Aditi Mishra,Female,32,Current,BR109,Connaught Place Branch,Pune,2024-07-30,22:41:12.0000000,Payment,POS,28670.4609375,230111.421875,201440.953125,Healthcare,Pending,Desktop,0,48,1,348,0-3 LPA,Corporate
TXN000027,CUST3797,Karan Malhotra,Male,56,Savings,BR114,Connaught Place Branch,Chennai,2024-10-05,06:01:48.0000000,Payment,POS,59676.03125,168437.703125,108761.6796875,Utilities,Success,iPhone,0,84,1,465,20+ LPA,HNI
TXN000028,CUST6819,Arjun Deshmukh,Male,37,Current,BR113,MG Road Branch,Chennai,2025-06-25,04:30:25.0000000,Withdrawal,Mobile Banking,33653.55859375,47577.75,13924.1904296875,Dining,Pending,iPhone,0,82,1,847,3-6 LPA,Corporate
TXN000029,CUST7835,Pooja Yadav,Female,23,Current,BR108,Connaught Place Branch,Ahmedabad,2024-03-09,12:56:35.0000000,Payment,Internet Banking,68858.0390625,147533.640625,78675.6015625,Utilities,Failed,Desktop,0,13,1,695,10-20 LPA,Corporate
TXN000030,CUST5304,Aditya Verma,Male,22,Current,BR113,Banjara Hills Branch,Bengaluru,2025-05-17,04:16:04.0000000,Payment,POS,94210.4609375,490419.5,396209.03125,Healthcare,Success,Android,1,84,1,409,0-3 LPA,Retail
TXN000031,CUST1053,Sneha Kulkarni,Female,37,Savings,BR107,Fort Branch,Bengaluru,2025-07-21,10:02:14.0000000,Transfer,ATM,40028.94140625,8094.669921875,48123.609375,E-commerce,Success,Tablet,0,50,0,559,6-10 LPA,Retail
TXN000032,CUST6259,Pooja Yadav,Female,37,Savings,BR104,Fort Branch,Delhi,2024-02-23,00:46:07.0000000,Transfer,Branch,4770.580078125,122797.3125,127567.890625,Utilities,Pending,Desktop,0,64,0,872,3-6 LPA,HNI
TXN000033,CUST3616,Arjun Deshmukh,Male,27,Savings,BR106,Fort Branch,Pune,2025-08-14,16:30:01.0000000,Withdrawal,ATM,38061.12109375,454565.03125,416503.90625,Grocery,Pending,iPhone,0,42,1,815,6-10 LPA,Corporate
TXN000034,CUST8993,Karan Malhotra,Male,61,Savings,BR118,MG Road Branch,Bengaluru,2024-05-06,12:16:33.0000000,Payment,Mobile Banking,59815.33984375,119425.0234375,59609.6796875,E-commerce,Pending,Desktop,1,77,1,842,0-3 LPA,HNI
TXN000035,CUST4830,Meera Kapoor,Female,41,Current,BR104,Shivajinagar Branch,Pune,2025-03-22,23:19:37.0000000,Deposit,ATM,74916.2265625,21370.689453125,96286.921875,Utilities,Failed,Android,0,37,1,437,3-6 LPA,Premium
TXN000036,CUST5485,Tanvi Patil,Female,49,Savings,BR102,Connaught Place Branch,Hyderabad,2024-09-07,10:57:37.0000000,Payment,ATM,89150.7109375,237229.09375,148078.390625,Utilities,Pending,iPhone,0,51,0,627,3-6 LPA,Retail
TXN000037,CUST3964,Aditi Mishra,Female,29,Savings,BR105,Shivajinagar Branch,Ahmedabad,2024-03-20,17:02:44.0000000,Withdrawal,Internet Banking,28565.720703125,111711.421875,83145.703125,Retail,Failed,Android,1,16,0,337,10-20 LPA,Retail
TXN000038,CUST4793,Kavya Iyer,Female,60,Current,BR109,Shivajinagar Branch,Hyderabad,2024-04-29,03:02:55.0000000,Transfer,UPI,21801.919921875,268053.875,289855.8125,Dining,Failed,iPhone,0,48,1,484,20+ LPA,Retail
TXN000039,CUST7852,Ishita Jain,Female,57,Current,BR111,MG Road Branch,Ahmedabad,2025-07-29,00:13:29.0000000,Transfer,Internet Banking,40442.21875,203182.671875,243624.890625,Dining,Failed,Tablet,0,51,0,814,3-6 LPA,Retail
TXN000040,CUST9693,Neha Singh,Female,46,Savings,BR102,Fort Branch,Chennai,2024-10-31,16:41:11.0000000,Transfer,Internet Banking,69666.921875,342109.40625,411776.3125,Retail,Failed,Desktop,0,7,0,848,20+ LPA,Corporate
TXN000041,CUST1318,Neha Singh,Female,60,Current,BR107,MG Road Branch,Chennai,2024-03-31,11:19:29.0000000,Transfer,Branch,39422.7890625,365236.625,404659.40625,Education,Success,Desktop,0,100,0,528,3-6 LPA,Premium
TXN000042,CUST8517,Vivaan Patel,Male,27,Savings,BR111,Connaught Place Branch,Hyderabad,2024-08-13,17:21:47.0000000,Deposit,Mobile Banking,98504.6484375,149265.515625,247770.15625,Utilities,Success,Desktop,0,12,1,313,10-20 LPA,Corporate
TXN000043,CUST1245,Aarav Sharma,Male,27,Savings,BR110,MG Road Branch,Kolkata,2024-01-20,12:13:28.0000000,Payment,UPI,58294.9296875,443409.34375,385114.40625,Grocery,Failed,iPhone,0,1,1,506,3-6 LPA,Premium
TXN000044,CUST4508,Priya Nair,Female,48,Savings,BR118,Banjara Hills Branch,Bengaluru,2025-05-16,06:33:37.0000000,Deposit,UPI,29196.939453125,287193.21875,316390.15625,Utilities,Success,Tablet,0,12,1,820,0-3 LPA,Corporate
TXN000045,CUST2991,Vivaan Patel,Male,33,Current,BR105,Connaught Place Branch,Kolkata,2024-10-12,05:26:57.0000000,Transfer,UPI,5671.72998046875,367199.21875,372870.96875,Grocery,Success,iPhone,1,1,0,584,0-3 LPA,HNI
TXN000046,CUST6727,Pooja Yadav,Female,45,Savings,BR103,Shivajinagar Branch,Chennai,2024-03-12,12:29:06.0000000,Deposit,UPI,48227.890625,265802.9375,314030.8125,Grocery,Failed,Android,0,44,0,668,0-3 LPA,HNI
TXN000047,CUST4535,Aditi Mishra,Female,40,Current,BR111,Shivajinagar Branch,Pune,2025-05-05,09:00:47.0000000,Deposit,Internet Banking,95451.75,354923.78125,450375.53125,Grocery,Success,iPhone,1,48,1,876,10-20 LPA,Corporate
TXN000048,CUST2130,Vikram Reddy,Male,53,Current,BR111,MG Road Branch,Kolkata,2024-02-21,11:43:05.0000000,Transfer,Internet Banking,33019.23828125,172774.203125,205793.4375,Grocery,Success,Desktop,1,34,1,384,10-20 LPA,Retail
TXN000049,CUST7946,Neha Singh,Female,45,Current,BR115,Shivajinagar Branch,Ahmedabad,2025-06-09,15:57:55.0000000,Withdrawal,Mobile Banking,78694.5703125,302644.25,223949.6875,Grocery,Pending,iPhone,0,20,0,605,20+ LPA,Premium
TXN000050,CUST2908,Ananya Gupta,Female,31,Current,BR117,Banjara Hills Branch,Ahmedabad,2024-03-08,02:56:51.0000000,Withdrawal,Mobile Banking,9263.3896484375,239690.03125,230426.640625,Dining,Success,Tablet,1,10,1,365,10-20 LPA,Premium
TXN000051,CUST3422,Rohan Joshi,Male,64,Savings,BR119,Shivajinagar Branch,Bengaluru,2025-11-20,23:20:50.0000000,Deposit,UPI,73365.25,377344.53125,450709.78125,Dining,Success,Tablet,0,13,0,716,0-3 LPA,Retail
TXN000052,CUST6442,Pooja Yadav,Female,50,Savings,BR101,Connaught Place Branch,Bengaluru,2025-11-26,19:13:13.0000000,Deposit,POS,56615.26171875,172828.65625,229443.90625,Utilities,Failed,Desktop,0,62,1,662,10-20 LPA,Retail
TXN000053,CUST4962,Kavya Iyer,Female,55,Current,BR109,Fort Branch,Bengaluru,2024-07-27,20:54:36.0000000,Payment,Mobile Banking,79002.2421875,429570.21875,350567.96875,Retail,Pending,Desktop,1,72,1,425,3-6 LPA,HNI
TXN000054,CUST9214,Priya Nair,Female,28,Savings,BR113,Banjara Hills Branch,Kolkata,2024-12-22,08:25:23.0000000,Withdrawal,Branch,92097.046875,470397.40625,378300.375,Education,Pending,Desktop,0,71,0,786,20+ LPA,Corporate
TXN000055,CUST4868,Ananya Gupta,Female,62,Current,BR105,Connaught Place Branch,Mumbai,2025-09-11,23:41:58.0000000,Payment,POS,72979.8828125,197523.640625,124543.7578125,Healthcare,Failed,Tablet,0,97,0,391,0-3 LPA,HNI
TXN000056,CUST7894,Vikram Reddy,Male,31,Savings,BR107,Connaught Place Branch,Ahmedabad,2025-12-31,14:24:28.0000000,Transfer,UPI,86427.640625,161395.484375,247823.125,E-commerce,Pending,Tablet,0,27,0,798,6-10 LPA,HNI
TXN000057,CUST9617,Sneha Kulkarni,Female,60,Current,BR118,Banjara Hills Branch,Mumbai,2024-07-11,08:33:35.0000000,Deposit,UPI,69293.4921875,278946.375,348239.875,E-commerce,Success,iPhone,0,66,0,894,20+ LPA,Premium
TXN000058,CUST7403,Tanvi Patil,Female,54,Current,BR107,MG Road Branch,Mumbai,2025-06-24,09:37:14.0000000,Payment,Branch,83862.90625,350792.71875,266929.8125,Education,Failed,Desktop,0,33,0,685,0-3 LPA,Premium
TXN000059,CUST7260,Priya Nair,Female,64,Current,BR101,Banjara Hills Branch,Ahmedabad,2024-09-16,04:21:02.0000000,Payment,ATM,86188.078125,274068.59375,187880.515625,Education,Failed,Android,1,57,0,552,6-10 LPA,HNI
TXN000060,CUST4905,Ananya Gupta,Female,37,Current,BR102,Shivajinagar Branch,Pune,2024-09-15,20:03:18.0000000,Deposit,POS,66476.1796875,329181.1875,395657.375,Utilities,Success,iPhone,0,70,1,595,6-10 LPA,HNI
TXN000061,CUST5208,Sneha Kulkarni,Female,49,Savings,BR107,Connaught Place Branch,Pune,2025-09-24,01:05:57.0000000,Payment,Branch,86354.9921875,469459.875,383104.875,Dining,Success,Desktop,0,29,1,417,20+ LPA,Retail
TXN000062,CUST5089,Vikram Reddy,Male,44,Savings,BR113,MG Road Branch,Ahmedabad,2024-01-24,02:02:01.0000000,Deposit,Branch,98497.546875,81940.1796875,180437.734375,E-commerce,Failed,Android,0,21,1,887,6-10 LPA,Retail
TXN000063,CUST3164,Nikhil Chavan,Male,43,Savings,BR108,Connaught Place Branch,Chennai,2025-08-01,05:31:39.0000000,Payment,UPI,98650.6328125,51995.73046875,0,Travel,Pending,Desktop,1,36,0,593,20+ LPA,Corporate
TXN000064,CUST9468,Neha Singh,Female,23,Savings,BR102,Connaught Place Branch,Bengaluru,2024-10-20,08:16:34.0000000,Transfer,POS,36562.73046875,9565.7998046875,46128.53125,Dining,Failed,Android,0,44,1,662,3-6 LPA,Premium
TXN000065,CUST5192,Neha Singh,Female,42,Current,BR112,Shivajinagar Branch,Hyderabad,2025-01-06,02:00:15.0000000,Payment,POS,8770.16015625,85775.046875,77004.890625,Dining,Pending,Tablet,0,70,1,382,0-3 LPA,Premium
TXN000066,CUST9035,Ananya Gupta,Female,32,Savings,BR107,MG Road Branch,Hyderabad,2024-02-19,11:37:32.0000000,Transfer,Mobile Banking,56017.03125,476548.46875,532565.5,Dining,Success,iPhone,1,72,1,585,20+ LPA,Retail
TXN000067,CUST5864,Sneha Kulkarni,Female,64,Current,BR103,Shivajinagar Branch,Chennai,2024-02-03,00:55:10.0000000,Transfer,Internet Banking,41955.33984375,315729.09375,357684.4375,Utilities,Success,Desktop,0,81,1,843,10-20 LPA,Corporate
TXN000068,CUST6763,Aditya Verma,Male,51,Current,BR119,Connaught Place Branch,Hyderabad,2024-08-17,12:01:22.0000000,Transfer,POS,1202.81994628906,481348.875,482551.6875,Utilities,Success,Android,0,50,1,514,20+ LPA,Retail
TXN000069,CUST5276,Ananya Gupta,Female,33,Savings,BR101,Banjara Hills Branch,Mumbai,2024-05-23,16:36:08.0000000,Withdrawal,ATM,89075.6015625,206200.125,117124.5234375,Dining,Failed,Desktop,1,44,1,661,10-20 LPA,Premium
TXN000070,CUST6354,Nikhil Chavan,Male,45,Savings,BR117,Shivajinagar Branch,Hyderabad,2024-07-18,07:59:37.0000000,Transfer,POS,57839.76953125,270656.46875,328496.25,Healthcare,Pending,Android,0,17,1,474,6-10 LPA,HNI
TXN000071,CUST4341,Karan Malhotra,Male,25,Current,BR111,Fort Branch,Pune,2025-05-29,11:47:55.0000000,Withdrawal,ATM,4612.8798828125,267951.84375,263338.9375,Healthcare,Success,iPhone,0,80,1,507,6-10 LPA,Premium
TXN000072,CUST3093,Rohan Joshi,Male,52,Current,BR101,Banjara Hills Branch,Mumbai,2024-01-31,01:50:46.0000000,Withdrawal,Internet Banking,60464.44140625,261184.203125,200719.765625,Travel,Failed,Desktop,0,3,1,672,6-10 LPA,Corporate
TXN000073,CUST1957,Pooja Yadav,Female,33,Savings,BR115,MG Road Branch,Chennai,2024-08-08,18:32:09.0000000,Withdrawal,UPI,72987.28125,20085.25,0,Travel,Success,iPhone,0,67,1,348,0-3 LPA,Corporate
TXN000074,CUST8574,Aarav Sharma,Male,63,Current,BR101,Banjara Hills Branch,Hyderabad,2025-04-09,22:43:15.0000000,Deposit,Branch,12001.51953125,487411.375,499412.875,E-commerce,Pending,Desktop,0,81,1,818,6-10 LPA,HNI
TXN000075,CUST4662,Tanvi Patil,Female,59,Current,BR106,MG Road Branch,Chennai,2024-02-09,17:43:10.0000000,Withdrawal,Mobile Banking,78077.28125,22816.109375,0,Utilities,Failed,Tablet,0,92,1,563,10-20 LPA,Corporate
TXN000076,CUST8422,Vivaan Patel,Male,27,Savings,BR105,MG Road Branch,Hyderabad,2024-09-03,08:14:00.0000000,Payment,POS,10193.6103515625,418602.9375,408409.34375,Dining,Success,Android,0,19,1,373,3-6 LPA,Corporate
TXN000077,CUST6482,Ananya Gupta,Female,34,Savings,BR106,MG Road Branch,Kolkata,2025-06-23,15:01:21.0000000,Withdrawal,UPI,15349.48046875,198123.515625,182774.03125,Retail,Success,Desktop,0,91,0,854,20+ LPA,Corporate
TXN000078,CUST3910,Vikram Reddy,Male,22,Savings,BR116,Connaught Place Branch,Delhi,2025-07-29,12:34:09.0000000,Deposit,Mobile Banking,14932.330078125,273174.4375,288106.78125,Utilities,Success,Tablet,0,19,1,607,10-20 LPA,HNI
TXN000079,CUST9022,Rahul Mehta,Male,55,Current,BR111,Connaught Place Branch,Chennai,2025-01-31,02:19:50.0000000,Payment,Mobile Banking,90971.8203125,191642.578125,100670.7578125,Education,Failed,Desktop,0,65,1,771,20+ LPA,HNI
TXN000080,CUST2732,Karan Malhotra,Male,40,Current,BR109,Shivajinagar Branch,Kolkata,2025-03-11,06:45:25.0000000,Payment,POS,63055.19921875,222495.578125,159440.375,Grocery,Failed,Android,1,48,1,407,0-3 LPA,Corporate
TXN000081,CUST1090,Siddharth Rao,Male,25,Current,BR119,Shivajinagar Branch,Delhi,2024-10-30,03:08:42.0000000,Payment,Internet Banking,26650.580078125,199140.453125,172489.875,Grocery,Success,Desktop,0,14,0,493,3-6 LPA,HNI
TXN000082,CUST1382,Vikram Reddy,Male,60,Current,BR120,Connaught Place Branch,Chennai,2025-11-25,23:46:15.0000000,Transfer,Mobile Banking,24962.169921875,303853.28125,328815.4375,E-commerce,Failed,iPhone,0,23,1,355,20+ LPA,Corporate
TXN000083,CUST8564,Siddharth Rao,Male,28,Savings,BR107,MG Road Branch,Chennai,2025-06-19,16:16:10.0000000,Payment,UPI,81861.203125,190371.15625,108509.953125,Travel,Success,Android,0,56,1,698,0-3 LPA,Retail
TXN000084,CUST8527,Kavya Iyer,Female,52,Savings,BR105,Fort Branch,Pune,2025-12-19,23:50:14.0000000,Withdrawal,Branch,43714.48828125,189027.328125,145312.84375,Utilities,Pending,iPhone,0,73,1,769,20+ LPA,Premium
TXN000085,CUST8947,Karan Malhotra,Male,56,Current,BR106,Banjara Hills Branch,Delhi,2025-09-11,10:34:49.0000000,Payment,POS,69621.46875,379350.3125,309728.84375,E-commerce,Success,iPhone,0,55,0,372,10-20 LPA,Corporate
TXN000086,CUST5201,Arjun Deshmukh,Male,43,Savings,BR110,MG Road Branch,Hyderabad,2025-07-13,22:24:02.0000000,Transfer,Internet Banking,20860.189453125,140344.890625,161205.078125,Education,Failed,Tablet,0,57,1,558,3-6 LPA,HNI
TXN000087,CUST6144,Sneha Kulkarni,Female,39,Savings,BR117,Fort Branch,Chennai,2024-10-06,12:59:52.0000000,Withdrawal,POS,64828.75,92455.390625,27626.640625,E-commerce,Pending,Desktop,0,5,0,583,20+ LPA,Premium
TXN000088,CUST4828,Sneha Kulkarni,Female,36,Savings,BR102,Banjara Hills Branch,Hyderabad,2025-10-20,04:27:11.0000000,Deposit,Branch,7209.31005859375,214499.84375,221709.15625,Utilities,Success,Desktop,0,50,1,479,6-10 LPA,Retail
TXN000089,CUST2247,Ananya Gupta,Female,57,Savings,BR114,Connaught Place Branch,Ahmedabad,2025-05-07,00:50:53.0000000,Transfer,POS,9841.7099609375,335970.21875,345811.9375,Healthcare,Success,Tablet,1,15,0,539,20+ LPA,Corporate
TXN000090,CUST7400,Siddharth Rao,Male,49,Savings,BR102,MG Road Branch,Hyderabad,2025-02-20,19:51:26.0000000,Payment,UPI,43309.21875,243776.125,200466.90625,Grocery,Failed,Android,1,67,0,382,0-3 LPA,Retail
TXN000091,CUST2054,Kavya Iyer,Female,29,Current,BR101,Connaught Place Branch,Mumbai,2025-05-11,21:55:53.0000000,Payment,POS,42002.44921875,140915.421875,98912.96875,Healthcare,Success,Desktop,0,62,1,676,0-3 LPA,Corporate
TXN000092,CUST9351,Ananya Gupta,Female,46,Current,BR107,Fort Branch,Chennai,2024-08-10,17:16:40.0000000,Withdrawal,Mobile Banking,61175.41015625,235433.796875,174258.390625,Education,Failed,iPhone,0,82,1,459,6-10 LPA,HNI
TXN000093,CUST3205,Aarav Sharma,Male,25,Savings,BR120,Banjara Hills Branch,Mumbai,2025-08-07,08:49:37.0000000,Withdrawal,UPI,56265.51171875,255589.234375,199323.71875,Healthcare,Pending,iPhone,0,45,0,605,20+ LPA,HNI
TXN000094,CUST2277,Neha Singh,Female,53,Savings,BR107,Fort Branch,Ahmedabad,2025-04-23,07:58:47.0000000,Withdrawal,Branch,96556.4296875,221785.109375,125228.6796875,Healthcare,Pending,Tablet,0,92,0,836,10-20 LPA,HNI
TXN000095,CUST8071,Pooja Yadav,Female,63,Savings,BR118,MG Road Branch,Bengaluru,2024-09-02,04:50:59.0000000,Transfer,UPI,73686.1484375,210968.265625,284654.40625,Education,Pending,Android,0,67,1,541,10-20 LPA,HNI
TXN000096,CUST1224,Karan Malhotra,Male,21,Savings,BR119,Banjara Hills Branch,Ahmedabad,2024-08-23,23:31:13.0000000,Payment,UPI,47106.8515625,470759.9375,423653.09375,Dining,Success,Android,0,47,1,636,20+ LPA,HNI
TXN000097,CUST6503,Karan Malhotra,Male,39,Savings,BR119,Connaught Place Branch,Kolkata,2025-08-28,05:34:25.0000000,Payment,Mobile Banking,1358.31994628906,289840.21875,288481.875,Healthcare,Success,Android,0,39,0,418,3-6 LPA,HNI
TXN000098,CUST6893,Meera Kapoor,Female,33,Savings,BR119,Fort Branch,Delhi,2025-02-24,17:48:40.0000000,Payment,Internet Banking,68199.890625,180855.8125,112655.921875,Utilities,Pending,iPhone,0,83,0,716,6-10 LPA,HNI
TXN000099,CUST5911,Aditya Verma,Male,47,Current,BR108,Shivajinagar Branch,Mumbai,2025-07-19,14:34:02.0000000,Transfer,UPI,89783.3984375,419168.09375,508951.5,Retail,Failed,iPhone,1,70,0,519,6-10 LPA,Premium
TXN000100,CUST1664,Rohan Joshi,Male,63,Savings,BR103,Shivajinagar Branch,Chennai,2024-02-08,21:37:44.0000000,Deposit,ATM,53595.6796875,103423.6484375,157019.328125,Education,Pending,Tablet,0,19,0,545,20+ LPA,HNI
TXN000101,CUST3536,Nikhil Chavan,Male,28,Savings,BR116,Shivajinagar Branch,Chennai,2024-02-03,09:23:17.0000000,Payment,POS,65391.51171875,164450.40625,99058.890625,Healthcare,Success,Desktop,0,20,0,698,20+ LPA,Premium
TXN000102,CUST7461,Karan Malhotra,Male,40,Current,BR120,MG Road Branch,Hyderabad,2025-10-06,11:58:16.0000000,Transfer,Mobile Banking,45946.359375,295800.71875,341747.0625,Grocery,Success,Tablet,0,9,0,833,3-6 LPA,Retail
TXN000103,CUST7502,Vikram Reddy,Male,46,Current,BR112,Banjara Hills Branch,Hyderabad,2025-04-04,17:26:38.0000000,Transfer,ATM,10343.66015625,459102.75,469446.40625,Education,Pending,Android,0,66,0,641,0-3 LPA,Corporate
TXN000104,CUST7260,Kavya Iyer,Female,62,Current,BR102,Banjara Hills Branch,Delhi,2024-12-13,16:12:40.0000000,Deposit,ATM,52062.55859375,142767.15625,194829.71875,Healthcare,Failed,Desktop,1,55,1,397,20+ LPA,Corporate
TXN000105,CUST5273,Kavya Iyer,Female,32,Savings,BR107,Banjara Hills Branch,Bengaluru,2025-04-05,04:10:45.0000000,Payment,Branch,19234.609375,36323.73828125,17089.130859375,Dining,Success,iPhone,0,82,1,689,20+ LPA,Premium
TXN000106,CUST4130,Priya Nair,Female,45,Savings,BR114,Shivajinagar Branch,Mumbai,2024-11-25,04:53:46.0000000,Payment,POS,70763.40625,472313.09375,401549.6875,Travel,Pending,Android,0,30,1,327,0-3 LPA,Corporate
TXN000107,CUST4763,Sneha Kulkarni,Female,21,Savings,BR102,MG Road Branch,Delhi,2025-08-05,03:27:09.0000000,Transfer,POS,31980.310546875,277724.90625,309705.21875,Grocery,Pending,iPhone,1,39,0,685,6-10 LPA,Corporate
TXN000108,CUST6577,Ananya Gupta,Female,62,Savings,BR113,Shivajinagar Branch,Mumbai,2024-10-23,08:54:06.0000000,Withdrawal,ATM,58789.98046875,324205.59375,265415.625,Utilities,Success,iPhone,1,44,1,440,0-3 LPA,HNI
TXN000109,CUST1611,Siddharth Rao,Male,27,Current,BR120,Connaught Place Branch,Mumbai,2024-09-16,03:41:54.0000000,Deposit,UPI,92788.4765625,302714.40625,395502.875,Utilities,Failed,iPhone,0,16,1,799,6-10 LPA,Premium
TXN000110,CUST4508,Arjun Deshmukh,Male,55,Current,BR113,Banjara Hills Branch,Delhi,2024-08-25,14:57:01.0000000,Payment,UPI,20344.390625,233424.296875,213079.90625,E-commerce,Success,Android,0,81,0,458,6-10 LPA,Premium
TXN000111,CUST7560,Vikram Reddy,Male,60,Current,BR106,Fort Branch,Bengaluru,2025-10-04,22:17:47.0000000,Deposit,Branch,56998.83984375,370214.1875,427213.03125,E-commerce,Failed,Desktop,0,1,1,617,3-6 LPA,Retail
TXN000112,CUST7906,Neha Singh,Female,29,Savings,BR116,MG Road Branch,Hyderabad,2025-01-16,20:57:01.0000000,Deposit,Mobile Banking,22484.439453125,348350.625,370835.0625,Dining,Failed,iPhone,0,9,0,842,20+ LPA,HNI
TXN000113,CUST6161,Meera Kapoor,Female,36,Savings,BR117,Fort Branch,Ahmedabad,2024-07-18,05:28:27.0000000,Withdrawal,Internet Banking,83071.7890625,69039.4296875,0,Travel,Success,iPhone,1,81,0,619,0-3 LPA,Retail
TXN000114,CUST4056,Kavya Iyer,Female,33,Savings,BR101,Fort Branch,Bengaluru,2024-10-14,08:19:30.0000000,Transfer,Mobile Banking,19615.4609375,457757.96875,477373.40625,Travel,Pending,Tablet,0,86,0,303,20+ LPA,HNI
TXN000115,CUST3620,Vivaan Patel,Male,37,Savings,BR105,Connaught Place Branch,Delhi,2025-08-10,20:50:13.0000000,Deposit,Branch,25246.359375,20692.779296875,45939.140625,Healthcare,Pending,iPhone,0,43,0,871,3-6 LPA,Corporate
TXN000116,CUST1448,Meera Kapoor,Female,32,Current,BR108,Shivajinagar Branch,Bengaluru,2024-07-10,08:42:12.0000000,Transfer,Branch,26761.26953125,175929.921875,202691.1875,Education,Pending,Desktop,0,64,1,472,20+ LPA,Retail
TXN000117,CUST6685,Aarav Sharma,Male,42,Current,BR111,MG Road Branch,Chennai,2024-04-30,08:57:27.0000000,Deposit,UPI,70588.3203125,254106.734375,324695.0625,Education,Success,Android,0,64,0,447,6-10 LPA,HNI
TXN000118,CUST8955,Nikhil Chavan,Male,53,Current,BR110,Shivajinagar Branch,Ahmedabad,2024-02-29,00:29:45.0000000,Payment,Branch,73724.09375,184969.4375,111245.34375,Healthcare,Success,Desktop,1,54,1,795,6-10 LPA,Corporate
TXN000119,CUST4007,Rahul Mehta,Male,60,Current,BR103,Fort Branch,Hyderabad,2025-03-14,05:39:24.0000000,Transfer,UPI,69465.953125,337307.6875,406773.625,Dining,Failed,iPhone,0,40,0,702,0-3 LPA,Corporate
TXN000120,CUST2665,Arjun Deshmukh,Male,50,Savings,BR119,Shivajinagar Branch,Kolkata,2024-08-02,09:09:25.0000000,Payment,Branch,29663.3203125,332857.0625,303193.71875,Travel,Failed,iPhone,0,15,0,357,10-20 LPA,Retail
TXN000121,CUST5663,Siddharth Rao,Male,23,Savings,BR101,Banjara Hills Branch,Kolkata,2025-08-12,09:03:17.0000000,Deposit,ATM,34179.359375,121263.46875,155442.828125,Retail,Success,Tablet,1,74,0,859,0-3 LPA,HNI
TXN000122,CUST2666,Kavya Iyer,Female,54,Savings,BR115,Shivajinagar Branch,Pune,2024-01-21,06:53:29.0000000,Transfer,Branch,72176.90625,297695.125,369872.03125,Utilities,Failed,Desktop,0,82,1,541,6-10 LPA,HNI
TXN000123,CUST1210,Aditya Verma,Male,64,Savings,BR111,MG Road Branch,Hyderabad,2024-10-05,18:10:43.0000000,Withdrawal,Branch,1706.4599609375,222503.6875,220797.234375,Retail,Pending,Android,0,57,0,838,3-6 LPA,Premium
TXN000124,CUST4537,Siddharth Rao,Male,54,Savings,BR113,MG Road Branch,Hyderabad,2024-01-11,12:55:59.0000000,Payment,ATM,46548.76953125,288033.375,241484.59375,Grocery,Pending,Android,0,75,1,644,0-3 LPA,Premium
TXN000125,CUST4735,Arjun Deshmukh,Male,22,Current,BR101,Connaught Place Branch,Pune,2025-10-19,12:17:35.0000000,Payment,UPI,83422.890625,459217,375794.09375,Education,Pending,Desktop,1,79,0,527,3-6 LPA,Premium
TXN000126,CUST7139,Ananya Gupta,Female,37,Current,BR103,Fort Branch,Hyderabad,2025-06-03,12:08:21.0000000,Deposit,Mobile Banking,97996.796875,166018.1875,264015,Dining,Failed,Desktop,1,6,1,775,10-20 LPA,Retail
TXN000127,CUST3414,Ananya Gupta,Female,50,Current,BR120,Banjara Hills Branch,Kolkata,2024-04-19,01:09:39.0000000,Payment,POS,30743.240234375,112786.2421875,82043,Utilities,Success,iPhone,1,21,1,774,3-6 LPA,Corporate
TXN000128,CUST7288,Pooja Yadav,Female,35,Savings,BR101,Fort Branch,Chennai,2024-12-01,13:28:21.0000000,Payment,UPI,38285.05859375,84207.5625,45922.5,E-commerce,Pending,Desktop,1,48,0,679,10-20 LPA,HNI
TXN000129,CUST3116,Priya Nair,Female,43,Savings,BR119,Connaught Place Branch,Hyderabad,2025-12-16,19:21:36.0000000,Transfer,UPI,64355.30859375,251011.90625,315367.21875,Dining,Pending,iPhone,0,84,1,551,0-3 LPA,Retail
TXN000130,CUST9715,Vikram Reddy,Male,28,Current,BR114,Connaught Place Branch,Delhi,2024-06-10,12:49:09.0000000,Withdrawal,POS,64792.5703125,16218.58984375,0,Education,Failed,Android,0,41,1,620,10-20 LPA,HNI
TXN000131,CUST8319,Siddharth Rao,Male,35,Savings,BR120,Connaught Place Branch,Kolkata,2024-06-19,19:52:10.0000000,Deposit,Branch,26449.830078125,325464.84375,351914.6875,Grocery,Success,Desktop,0,80,0,677,6-10 LPA,Retail
TXN000132,CUST8159,Sneha Kulkarni,Female,59,Savings,BR113,Connaught Place Branch,Hyderabad,2025-12-31,08:24:23.0000000,Payment,Internet Banking,82325.3515625,265330.09375,183004.734375,Healthcare,Failed,Desktop,0,2,0,484,3-6 LPA,Premium
TXN000133,CUST6594,Aditya Verma,Male,25,Current,BR120,MG Road Branch,Bengaluru,2024-09-06,18:13:32.0000000,Transfer,UPI,66197.1328125,174880.59375,241077.734375,Travel,Failed,iPhone,0,42,1,328,6-10 LPA,Premium
TXN000134,CUST8704,Meera Kapoor,Female,60,Savings,BR111,MG Road Branch,Hyderabad,2024-05-09,22:56:13.0000000,Payment,UPI,20895.109375,26809.740234375,5914.6298828125,Education,Pending,iPhone,0,5,1,465,20+ LPA,Premium
TXN000135,CUST6800,Rohan Joshi,Male,36,Current,BR113,Banjara Hills Branch,Mumbai,2025-01-29,07:26:01.0000000,Payment,Internet Banking,42897.9296875,157768.0625,114870.140625,Retail,Pending,Android,0,57,1,462,20+ LPA,Retail
TXN000136,CUST7476,Arjun Deshmukh,Male,33,Savings,BR115,Fort Branch,Kolkata,2025-03-05,13:37:15.0000000,Deposit,ATM,24981.66015625,290289.0625,315270.71875,Education,Failed,Tablet,0,62,0,509,0-3 LPA,Corporate
TXN000137,CUST5658,Sneha Kulkarni,Female,56,Current,BR112,Connaught Place Branch,Hyderabad,2025-08-20,01:44:06.0000000,Payment,POS,23882.2890625,435916.53125,412034.25,Dining,Pending,iPhone,1,82,1,688,6-10 LPA,Corporate
TXN000138,CUST7695,Sneha Kulkarni,Female,47,Current,BR113,Banjara Hills Branch,Kolkata,2024-06-08,18:51:45.0000000,Withdrawal,UPI,84642.2890625,443712.96875,359070.6875,Healthcare,Success,Tablet,1,44,0,769,20+ LPA,Retail
TXN000139,CUST8412,Rahul Mehta,Male,64,Savings,BR119,Fort Branch,Kolkata,2024-10-01,03:40:16.0000000,Deposit,ATM,10509.26953125,390349.53125,400858.8125,Dining,Pending,Android,0,12,0,363,6-10 LPA,Corporate
TXN000140,CUST7607,Nikhil Chavan,Male,50,Savings,BR113,Fort Branch,Bengaluru,2025-09-18,05:01:29.0000000,Transfer,Branch,71039.65625,115787.5,186827.15625,Retail,Failed,Desktop,1,3,0,649,10-20 LPA,HNI
TXN000141,CUST7121,Arjun Deshmukh,Male,53,Savings,BR103,Banjara Hills Branch,Ahmedabad,2025-07-09,22:40:33.0000000,Transfer,POS,67320.9609375,38648.44140625,105969.3984375,Dining,Success,Desktop,0,91,0,312,0-3 LPA,HNI
TXN000142,CUST2697,Nikhil Chavan,Male,23,Current,BR102,Connaught Place Branch,Mumbai,2024-04-11,02:34:26.0000000,Payment,Branch,38830.671875,472159.875,433329.21875,Dining,Success,Desktop,1,4,0,534,20+ LPA,HNI
TXN000143,CUST4844,Nikhil Chavan,Male,51,Savings,BR118,Banjara Hills Branch,Delhi,2025-01-19,05:33:18.0000000,Withdrawal,ATM,97828.8125,350888.15625,253059.34375,Dining,Failed,Android,0,88,1,352,6-10 LPA,Retail
TXN000144,CUST8837,Rohan Joshi,Male,47,Current,BR101,Connaught Place Branch,Bengaluru,2024-01-11,23:37:59.0000000,Payment,ATM,69610.5234375,244613.40625,175002.875,Retail,Failed,iPhone,0,3,0,737,3-6 LPA,Corporate
TXN000145,CUST2014,Siddharth Rao,Male,46,Current,BR103,Fort Branch,Mumbai,2025-02-07,05:06:12.0000000,Transfer,Mobile Banking,91947.6171875,343606.34375,435553.9375,Retail,Success,Desktop,1,2,1,741,20+ LPA,HNI
TXN000146,CUST2526,Aditi Mishra,Female,46,Savings,BR101,Shivajinagar Branch,Hyderabad,2024-09-22,10:42:48.0000000,Payment,Mobile Banking,64407.078125,326698.15625,262291.09375,E-commerce,Failed,Desktop,0,94,1,427,20+ LPA,Retail
TXN000147,CUST3763,Nikhil Chavan,Male,41,Current,BR107,Fort Branch,Hyderabad,2025-11-29,18:19:01.0000000,Transfer,ATM,22728.220703125,105879.640625,128607.859375,E-commerce,Pending,iPhone,1,8,0,764,6-10 LPA,Retail
TXN000148,CUST1848,Pooja Yadav,Female,65,Current,BR117,Connaught Place Branch,Kolkata,2024-02-01,16:26:28.0000000,Withdrawal,UPI,49217.890625,183838.9375,134621.046875,Dining,Pending,Android,0,3,0,325,20+ LPA,Corporate
TXN000149,CUST6262,Nikhil Chavan,Male,65,Current,BR112,Connaught Place Branch,Mumbai,2024-02-22,17:29:41.0000000,Transfer,Branch,40471.5,217557.1875,258028.6875,Retail,Success,Desktop,0,41,1,395,20+ LPA,HNI
TXN000150,CUST5107,Ananya Gupta,Female,55,Savings,BR112,Banjara Hills Branch,Kolkata,2024-03-14,03:20:44.0000000,Transfer,Branch,74633.296875,144114.09375,218747.40625,E-commerce,Pending,Desktop,0,23,0,582,3-6 LPA,HNI
TXN000151,CUST4078,Sneha Kulkarni,Female,34,Current,BR110,Shivajinagar Branch,Ahmedabad,2024-08-25,23:05:17.0000000,Deposit,Mobile Banking,37899.53125,399596.59375,437496.125,Grocery,Pending,Desktop,1,51,1,792,0-3 LPA,Retail
TXN000152,CUST9789,Siddharth Rao,Male,63,Savings,BR107,Shivajinagar Branch,Bengaluru,2025-03-29,17:08:42.0000000,Withdrawal,Mobile Banking,36492.19140625,204182,167689.8125,Retail,Failed,Tablet,1,15,1,641,10-20 LPA,Premium
TXN000153,CUST9240,Pooja Yadav,Female,28,Current,BR118,Fort Branch,Bengaluru,2024-07-17,10:41:51.0000000,Withdrawal,ATM,63730.640625,25795.669921875,0,E-commerce,Pending,Android,0,70,0,542,3-6 LPA,Corporate
TXN000154,CUST7632,Priya Nair,Female,37,Current,BR112,Fort Branch,Mumbai,2025-06-05,22:01:09.0000000,Transfer,ATM,29220.5,448665,477885.5,Travel,Success,Android,0,1,0,504,10-20 LPA,Corporate
TXN000155,CUST2496,Neha Singh,Female,48,Savings,BR103,Shivajinagar Branch,Bengaluru,2024-06-07,19:26:13.0000000,Transfer,Mobile Banking,56034.55859375,87022.1015625,143056.65625,Dining,Success,Android,1,93,1,473,0-3 LPA,Premium
TXN000156,CUST4500,Nikhil Chavan,Male,56,Savings,BR116,Connaught Place Branch,Hyderabad,2025-04-12,05:50:57.0000000,Deposit,Branch,89372.703125,178781.6875,268154.375,Grocery,Failed,Android,1,79,0,768,6-10 LPA,Retail
TXN000157,CUST1409,Sneha Kulkarni,Female,55,Savings,BR114,Fort Branch,Hyderabad,2024-01-01,22:04:26.0000000,Transfer,POS,56635.578125,99397.9375,156033.515625,Utilities,Success,Tablet,0,68,0,757,6-10 LPA,Premium
TXN000158,CUST2614,Arjun Deshmukh,Male,22,Savings,BR116,MG Road Branch,Ahmedabad,2024-12-24,18:50:01.0000000,Payment,Branch,26537.830078125,117442.828125,90905,Dining,Failed,Desktop,0,39,1,631,20+ LPA,Corporate
TXN000159,CUST5645,Vikram Reddy,Male,47,Current,BR109,Banjara Hills Branch,Mumbai,2024-09-25,19:48:16.0000000,Withdrawal,Branch,50780.6796875,487934.8125,437154.125,E-commerce,Success,Android,0,66,0,615,10-20 LPA,HNI
TXN000160,CUST3661,Karan Malhotra,Male,33,Current,BR116,MG Road Branch,Bengaluru,2025-04-16,21:29:44.0000000,Transfer,Branch,82983.46875,179032.265625,262015.734375,Travel,Failed,iPhone,0,36,1,713,0-3 LPA,Retail
TXN000161,CUST1673,Aditya Verma,Male,48,Current,BR104,Fort Branch,Hyderabad,2025-05-10,09:12:04.0000000,Withdrawal,Mobile Banking,88151.5078125,186767.625,98616.109375,Utilities,Pending,Desktop,0,28,1,445,0-3 LPA,Retail
TXN000162,CUST7268,Vikram Reddy,Male,61,Current,BR104,MG Road Branch,Pune,2025-04-20,00:49:58.0000000,Deposit,Branch,16527.810546875,335529.25,352057.0625,Utilities,Success,iPhone,0,72,1,849,10-20 LPA,Retail
TXN000163,CUST2778,Rahul Mehta,Male,23,Savings,BR113,Fort Branch,Delhi,2024-11-01,15:18:06.0000000,Payment,POS,96701.6875,76670.390625,0,Retail,Failed,Desktop,0,74,0,883,0-3 LPA,Retail
TXN000164,CUST9539,Pooja Yadav,Female,50,Savings,BR111,Shivajinagar Branch,Pune,2025-10-28,18:15:45.0000000,Deposit,ATM,3808.67993164063,169174.828125,172983.515625,Grocery,Success,Tablet,0,30,1,687,20+ LPA,Corporate
TXN000165,CUST2997,Priya Nair,Female,64,Savings,BR117,Connaught Place Branch,Hyderabad,2024-05-07,12:44:23.0000000,Transfer,Branch,1222.83996582031,226857.671875,228080.515625,Education,Success,Desktop,0,84,1,666,0-3 LPA,Premium
TXN000166,CUST5166,Karan Malhotra,Male,63,Savings,BR101,Connaught Place Branch,Kolkata,2024-12-08,04:40:07.0000000,Payment,Mobile Banking,53394.80859375,476910.21875,423515.40625,E-commerce,Success,Tablet,0,73,0,576,0-3 LPA,Premium
TXN000167,CUST3127,Nikhil Chavan,Male,48,Current,BR104,Fort Branch,Chennai,2025-10-22,16:32:39.0000000,Deposit,Branch,54029.62890625,488238.3125,542267.9375,Retail,Failed,Desktop,0,95,0,340,3-6 LPA,Premium
TXN000168,CUST8549,Tanvi Patil,Female,23,Current,BR109,MG Road Branch,Kolkata,2024-07-13,11:21:38.0000000,Deposit,POS,75491.546875,390609.03125,466100.59375,Healthcare,Pending,Tablet,0,90,0,757,3-6 LPA,Retail
TXN000169,CUST5405,Aarav Sharma,Male,51,Savings,BR118,Connaught Place Branch,Delhi,2024-01-21,14:12:24.0000000,Withdrawal,Internet Banking,95260.828125,132360.125,37099.2890625,Travel,Pending,Tablet,0,77,1,408,10-20 LPA,Retail
TXN000170,CUST6212,Neha Singh,Female,45,Current,BR108,Banjara Hills Branch,Hyderabad,2024-06-22,09:28:47.0000000,Withdrawal,POS,98990.0390625,386513.59375,287523.5625,E-commerce,Success,iPhone,0,28,1,520,20+ LPA,Retail
TXN000171,CUST1772,Tanvi Patil,Female,59,Savings,BR120,Fort Branch,Kolkata,2024-11-16,19:51:40.0000000,Withdrawal,POS,92920.6171875,272007.3125,179086.6875,Retail,Failed,iPhone,1,57,1,610,3-6 LPA,HNI
TXN000172,CUST1361,Karan Malhotra,Male,43,Savings,BR118,Shivajinagar Branch,Kolkata,2024-04-25,19:42:26.0000000,Payment,Internet Banking,30715.650390625,417286.46875,386570.8125,Dining,Failed,Desktop,0,11,1,355,0-3 LPA,Retail
TXN000173,CUST3101,Nikhil Chavan,Male,56,Current,BR118,Shivajinagar Branch,Kolkata,2024-04-20,07:47:36.0000000,Withdrawal,Branch,25219.919921875,19334.25,0,Grocery,Failed,Android,0,51,1,891,0-3 LPA,Retail
TXN000174,CUST5493,Aarav Sharma,Male,55,Current,BR115,Fort Branch,Mumbai,2024-01-31,03:51:48.0000000,Withdrawal,POS,89277.609375,89115.8828125,0,Dining,Success,Desktop,0,13,0,703,10-20 LPA,Corporate
TXN000175,CUST6699,Tanvi Patil,Female,64,Current,BR117,Banjara Hills Branch,Bengaluru,2025-06-12,04:52:56.0000000,Transfer,Internet Banking,59971.1796875,265723.75,325694.9375,Utilities,Failed,Desktop,1,61,1,678,0-3 LPA,HNI
TXN000176,CUST7753,Nikhil Chavan,Male,29,Current,BR119,Connaught Place Branch,Mumbai,2024-03-05,02:37:30.0000000,Deposit,UPI,17251.80078125,251691.1875,268942.96875,Travel,Failed,Android,0,67,0,513,20+ LPA,Corporate
TXN000177,CUST8815,Kavya Iyer,Female,57,Savings,BR101,Fort Branch,Mumbai,2025-05-03,17:04:25.0000000,Withdrawal,Branch,68642.2734375,125575.890625,56933.62109375,Education,Failed,Desktop,1,69,0,323,20+ LPA,Corporate
TXN000178,CUST3148,Neha Singh,Female,56,Savings,BR104,Connaught Place Branch,Delhi,2025-01-19,18:01:30.0000000,Payment,UPI,39343.328125,493212.28125,453868.96875,Education,Failed,Tablet,0,82,1,752,6-10 LPA,Premium
TXN000179,CUST2818,Ananya Gupta,Female,63,Savings,BR111,Shivajinagar Branch,Pune,2024-02-20,15:33:07.0000000,Transfer,POS,49559.3515625,370786.875,420346.25,Retail,Success,Desktop,0,69,1,849,10-20 LPA,Corporate
TXN000180,CUST9714,Nikhil Chavan,Male,62,Savings,BR116,Connaught Place Branch,Hyderabad,2025-11-07,23:17:44.0000000,Transfer,Internet Banking,72227.0234375,142906.59375,215133.609375,Dining,Pending,Tablet,1,17,0,651,3-6 LPA,Retail
TXN000181,CUST2796,Tanvi Patil,Female,46,Savings,BR106,Banjara Hills Branch,Hyderabad,2025-03-16,00:02:24.0000000,Payment,UPI,66583.90625,239656.125,173072.203125,Retail,Failed,iPhone,0,88,1,885,6-10 LPA,Retail
TXN000182,CUST2167,Aditi Mishra,Female,57,Savings,BR110,MG Road Branch,Bengaluru,2025-06-21,08:16:52.0000000,Transfer,Mobile Banking,13671.0595703125,385385.71875,399056.78125,E-commerce,Pending,Android,0,11,1,646,6-10 LPA,Corporate
TXN000183,CUST9117,Vikram Reddy,Male,53,Savings,BR109,Connaught Place Branch,Chennai,2024-08-21,23:47:53.0000000,Transfer,Mobile Banking,82310.5390625,237992.328125,320302.875,E-commerce,Failed,iPhone,0,78,1,642,0-3 LPA,Retail
TXN000184,CUST3230,Pooja Yadav,Female,36,Savings,BR111,Banjara Hills Branch,Kolkata,2025-06-21,15:25:59.0000000,Transfer,Internet Banking,48068.25,126043.6875,174111.9375,Retail,Pending,Tablet,0,44,0,368,6-10 LPA,Corporate
TXN000185,CUST6196,Vivaan Patel,Male,59,Savings,BR119,Shivajinagar Branch,Kolkata,2024-09-09,22:45:25.0000000,Transfer,Mobile Banking,35536.12109375,72425.3125,107961.4296875,Utilities,Success,Tablet,0,14,0,658,6-10 LPA,Corporate
TXN000186,CUST3582,Sneha Kulkarni,Female,53,Savings,BR110,Shivajinagar Branch,Pune,2025-01-20,11:00:18.0000000,Transfer,Branch,13341.0595703125,88670.1796875,102011.2421875,Healthcare,Success,Desktop,0,18,0,743,20+ LPA,Corporate
TXN000187,CUST9905,Sneha Kulkarni,Female,21,Current,BR116,Connaught Place Branch,Hyderabad,2025-07-18,05:16:01.0000000,Payment,Mobile Banking,13507.099609375,292157.1875,278650.09375,Retail,Pending,Desktop,0,73,1,707,20+ LPA,HNI
TXN000188,CUST1386,Meera Kapoor,Female,21,Savings,BR115,Fort Branch,Delhi,2024-01-17,07:18:59.0000000,Payment,Internet Banking,43032.0390625,296516.5,253484.453125,Grocery,Pending,Tablet,0,97,1,896,6-10 LPA,Premium
TXN000189,CUST3557,Siddharth Rao,Male,49,Savings,BR115,MG Road Branch,Ahmedabad,2024-10-12,20:13:53.0000000,Withdrawal,ATM,5163.77001953125,124971.6328125,119807.859375,Utilities,Pending,iPhone,0,62,1,585,20+ LPA,Retail
TXN000190,CUST2574,Rohan Joshi,Male,48,Savings,BR108,Banjara Hills Branch,Mumbai,2025-01-24,13:39:30.0000000,Payment,Mobile Banking,1508.71997070313,291580.59375,290071.875,Education,Success,iPhone,0,22,1,739,10-20 LPA,Corporate
TXN000191,CUST9871,Ishita Jain,Female,48,Current,BR119,Connaught Place Branch,Delhi,2025-10-22,23:44:49.0000000,Deposit,ATM,8812.5302734375,280883.1875,289695.71875,Travel,Pending,Tablet,0,19,1,760,6-10 LPA,Retail
TXN000192,CUST4802,Rohan Joshi,Male,33,Savings,BR105,Connaught Place Branch,Bengaluru,2025-11-07,10:23:56.0000000,Transfer,Internet Banking,31919.9296875,282937.8125,314857.71875,Dining,Success,Android,0,78,1,511,6-10 LPA,Corporate
TXN000193,CUST3263,Vikram Reddy,Male,56,Savings,BR102,Connaught Place Branch,Pune,2025-03-25,02:59:40.0000000,Withdrawal,Mobile Banking,8887.4501953125,465646.34375,456758.90625,Utilities,Success,Tablet,0,7,1,810,3-6 LPA,Premium
TXN000194,CUST2442,Neha Singh,Female,32,Current,BR108,MG Road Branch,Kolkata,2024-03-01,01:11:27.0000000,Deposit,UPI,85638.75,91375.140625,177013.890625,E-commerce,Failed,Tablet,0,59,0,809,20+ LPA,HNI
TXN000195,CUST7179,Kavya Iyer,Female,51,Current,BR109,Fort Branch,Ahmedabad,2024-04-10,11:37:05.0000000,Withdrawal,Branch,35099.37109375,131728.125,96628.7578125,Dining,Pending,iPhone,0,88,0,713,6-10 LPA,Premium
TXN000196,CUST1337,Karan Malhotra,Male,30,Current,BR110,MG Road Branch,Hyderabad,2025-06-23,01:33:56.0000000,Payment,POS,96546.2734375,397519.03125,300972.78125,Healthcare,Success,Desktop,0,95,1,753,10-20 LPA,Premium
TXN000197,CUST5046,Ananya Gupta,Female,49,Current,BR112,MG Road Branch,Bengaluru,2024-11-29,05:06:15.0000000,Payment,UPI,83265.6875,240066.359375,156800.671875,Dining,Failed,Desktop,0,99,1,695,10-20 LPA,Retail
TXN000198,CUST3278,Rohan Joshi,Male,22,Current,BR114,Connaught Place Branch,Delhi,2025-03-17,17:26:33.0000000,Withdrawal,POS,94877.1328125,366869.15625,271992.03125,Travel,Failed,iPhone,1,79,0,756,20+ LPA,Retail
TXN000199,CUST6343,Kavya Iyer,Female,50,Current,BR102,Connaught Place Branch,Kolkata,2024-04-02,20:08:42.0000000,Withdrawal,Branch,41727.78125,310583,268855.21875,E-commerce,Pending,Android,0,46,0,667,6-10 LPA,HNI
TXN000200,CUST3693,Meera Kapoor,Female,56,Savings,BR107,Connaught Place Branch,Bengaluru,2025-01-16,04:44:06.0000000,Transfer,ATM,160.059997558594,467102.5625,467262.625,Education,Pending,Android,0,97,0,399,3-6 LPA,Corporate
TXN000201,CUST4639,Siddharth Rao,Male,44,Savings,BR120,Connaught Place Branch,Mumbai,2025-01-02,06:20:17.0000000,Payment,ATM,66780.8125,138446.3125,71665.5,Retail,Pending,Android,0,88,0,881,0-3 LPA,HNI
TXN000202,CUST6048,Tanvi Patil,Female,37,Savings,BR118,MG Road Branch,Ahmedabad,2025-08-28,15:02:55.0000000,Payment,ATM,22858.130859375,365629.78125,342771.65625,Dining,Success,Desktop,0,53,1,484,6-10 LPA,Retail
TXN000203,CUST5172,Aditi Mishra,Female,57,Current,BR112,Shivajinagar Branch,Delhi,2024-03-01,02:24:35.0000000,Payment,Internet Banking,74327.296875,67965.2890625,0,Utilities,Success,Desktop,1,6,0,778,3-6 LPA,HNI
TXN000204,CUST6263,Priya Nair,Female,62,Current,BR118,Banjara Hills Branch,Delhi,2024-02-26,07:00:12.0000000,Payment,Mobile Banking,9177.6796875,57904.0703125,48726.390625,Education,Pending,Desktop,0,90,1,788,6-10 LPA,HNI
TXN000205,CUST3564,Aditya Verma,Male,61,Savings,BR112,MG Road Branch,Bengaluru,2024-03-04,05:05:39.0000000,Withdrawal,Internet Banking,85735.6328125,373698.4375,287962.8125,Retail,Pending,Tablet,1,82,0,418,6-10 LPA,Corporate
TXN000206,CUST5007,Vivaan Patel,Male,42,Current,BR116,Banjara Hills Branch,Bengaluru,2025-12-24,18:26:52.0000000,Deposit,ATM,25592.009765625,130120.6484375,155712.65625,Retail,Pending,iPhone,1,49,0,308,3-6 LPA,HNI
TXN000207,CUST5965,Siddharth Rao,Male,46,Savings,BR104,Banjara Hills Branch,Delhi,2024-01-17,15:33:52.0000000,Deposit,Branch,43763.390625,425997.96875,469761.34375,Grocery,Pending,Tablet,0,35,0,794,0-3 LPA,Corporate
TXN000208,CUST8232,Pooja Yadav,Female,64,Savings,BR107,Connaught Place Branch,Mumbai,2025-04-07,09:31:54.0000000,Deposit,POS,64332.30078125,245869.125,310201.4375,Dining,Pending,Android,1,22,0,796,10-20 LPA,Corporate
TXN000209,CUST8772,Karan Malhotra,Male,32,Current,BR111,MG Road Branch,Kolkata,2024-01-05,23:11:13.0000000,Transfer,Mobile Banking,93455.0234375,398131.78125,491586.8125,Dining,Pending,Android,1,78,0,450,10-20 LPA,HNI
TXN000210,CUST3643,Rohan Joshi,Male,29,Savings,BR102,Connaught Place Branch,Kolkata,2025-05-30,12:59:41.0000000,Withdrawal,Internet Banking,61900.73046875,261667.140625,199766.40625,Education,Success,iPhone,0,72,0,470,10-20 LPA,Retail
TXN000211,CUST7456,Rohan Joshi,Male,33,Current,BR115,Fort Branch,Kolkata,2024-10-19,23:08:48.0000000,Transfer,Internet Banking,46493.1796875,247102.484375,293595.65625,Dining,Success,Tablet,0,54,0,819,20+ LPA,Retail
TXN000212,CUST9587,Sneha Kulkarni,Female,37,Savings,BR111,Banjara Hills Branch,Pune,2025-08-03,23:51:31.0000000,Transfer,Mobile Banking,46526.19140625,148925.390625,195451.578125,Retail,Failed,iPhone,0,3,1,791,10-20 LPA,Premium
TXN000213,CUST8335,Vikram Reddy,Male,45,Savings,BR108,MG Road Branch,Bengaluru,2025-06-22,11:58:03.0000000,Transfer,Internet Banking,91565,46051.51953125,137616.515625,Travel,Failed,Desktop,1,26,1,832,20+ LPA,HNI
TXN000214,CUST6562,Sneha Kulkarni,Female,51,Savings,BR120,Connaught Place Branch,Delhi,2025-12-10,05:34:11.0000000,Payment,POS,19789.91015625,345135.03125,325345.125,Utilities,Pending,Desktop,0,100,1,809,0-3 LPA,Premium
TXN000215,CUST5604,Meera Kapoor,Female,36,Savings,BR104,MG Road Branch,Delhi,2025-03-14,23:41:56.0000000,Transfer,Mobile Banking,5282.35009765625,367402.40625,372684.75,Education,Failed,Desktop,0,60,1,800,0-3 LPA,Premium
TXN000216,CUST1092,Aditi Mishra,Female,26,Savings,BR103,Banjara Hills Branch,Bengaluru,2024-10-09,16:02:13.0000000,Transfer,UPI,51688.51953125,343651.75,395340.25,Grocery,Success,iPhone,0,70,0,586,3-6 LPA,Retail
TXN000217,CUST8799,Sneha Kulkarni,Female,62,Current,BR104,MG Road Branch,Bengaluru,2024-07-28,20:02:09.0000000,Payment,POS,65916.0390625,47509.51953125,0,Utilities,Failed,Android,0,31,0,403,3-6 LPA,Corporate
TXN000218,CUST3494,Aditi Mishra,Female,60,Current,BR108,MG Road Branch,Hyderabad,2024-01-12,17:25:27.0000000,Transfer,ATM,8086.4501953125,443272.4375,451358.90625,Healthcare,Failed,iPhone,1,55,0,309,20+ LPA,HNI
TXN000219,CUST4103,Rohan Joshi,Male,28,Savings,BR117,MG Road Branch,Bengaluru,2024-07-03,06:59:58.0000000,Withdrawal,UPI,19307.259765625,335860.21875,316552.96875,Travel,Success,iPhone,0,38,1,846,0-3 LPA,Premium
TXN000220,CUST6488,Aarav Sharma,Male,61,Current,BR102,Banjara Hills Branch,Ahmedabad,2025-05-18,04:01:58.0000000,Deposit,ATM,25541.630859375,215520.3125,241061.9375,Travel,Failed,Android,1,27,0,716,3-6 LPA,Premium
TXN000221,CUST1593,Rohan Joshi,Male,54,Current,BR118,MG Road Branch,Bengaluru,2025-05-03,00:26:19.0000000,Transfer,Mobile Banking,6495.2099609375,8058,14553.2099609375,Retail,Failed,Desktop,0,86,0,792,10-20 LPA,Premium
TXN000222,CUST3851,Priya Nair,Female,62,Savings,BR109,Shivajinagar Branch,Delhi,2025-02-28,09:04:41.0000000,Withdrawal,ATM,47120.48828125,152560.8125,105440.328125,Dining,Pending,Android,1,76,1,478,20+ LPA,Premium
TXN000223,CUST5989,Rahul Mehta,Male,23,Current,BR104,Connaught Place Branch,Pune,2024-08-27,00:42:51.0000000,Payment,POS,48177.828125,372085.0625,323907.21875,Travel,Pending,iPhone,0,89,0,845,3-6 LPA,Corporate
TXN000224,CUST6936,Sneha Kulkarni,Female,49,Savings,BR101,Fort Branch,Kolkata,2024-04-17,09:28:48.0000000,Payment,UPI,15934.9296875,467402.21875,451467.3125,Utilities,Success,Desktop,0,24,0,308,0-3 LPA,Premium
TXN000225,CUST1105,Ishita Jain,Female,49,Current,BR103,Connaught Place Branch,Kolkata,2024-08-17,14:00:42.0000000,Deposit,POS,24709.580078125,6610.5498046875,31320.130859375,Utilities,Pending,Android,0,87,0,786,0-3 LPA,HNI
TXN000226,CUST9013,Meera Kapoor,Female,50,Current,BR119,Fort Branch,Bengaluru,2025-04-25,17:46:11.0000000,Payment,ATM,5750.81005859375,337741.03125,331990.21875,Grocery,Failed,Tablet,0,18,1,650,6-10 LPA,Corporate
TXN000227,CUST2365,Pooja Yadav,Female,26,Current,BR112,Connaught Place Branch,Pune,2024-12-17,17:24:38.0000000,Payment,POS,54915.05859375,52329.23046875,0,E-commerce,Success,Desktop,0,55,0,730,20+ LPA,Premium
TXN000228,CUST1708,Priya Nair,Female,42,Savings,BR120,MG Road Branch,Chennai,2025-01-15,09:55:57.0000000,Withdrawal,Internet Banking,97806.5234375,151817.703125,54011.1796875,Healthcare,Success,Tablet,0,4,1,674,20+ LPA,Retail
TXN000229,CUST2229,Arjun Deshmukh,Male,48,Current,BR104,Connaught Place Branch,Delhi,2025-11-24,08:54:17.0000000,Transfer,Mobile Banking,32979.91015625,76744.2109375,109724.1171875,Travel,Pending,Tablet,0,60,1,673,10-20 LPA,Retail
TXN000230,CUST3228,Neha Singh,Female,52,Current,BR119,Banjara Hills Branch,Delhi,2024-05-15,12:20:03.0000000,Deposit,UPI,66981.640625,227422.875,294404.5,Utilities,Failed,iPhone,0,35,1,633,0-3 LPA,Corporate
TXN000231,CUST3476,Tanvi Patil,Female,44,Savings,BR102,Connaught Place Branch,Bengaluru,2025-08-03,23:26:37.0000000,Withdrawal,POS,80081.0390625,75914.03125,0,Travel,Pending,iPhone,1,56,0,839,6-10 LPA,HNI
TXN000232,CUST5285,Meera Kapoor,Female,30,Savings,BR106,MG Road Branch,Kolkata,2024-11-07,18:37:25.0000000,Withdrawal,ATM,32549.130859375,94146.03125,61596.8984375,Travel,Failed,Desktop,0,79,0,428,6-10 LPA,Premium
TXN000233,CUST2693,Vikram Reddy,Male,50,Current,BR108,Shivajinagar Branch,Hyderabad,2024-07-15,09:42:31.0000000,Withdrawal,Mobile Banking,8231.2900390625,430566.625,422335.34375,Healthcare,Pending,Desktop,0,24,1,344,20+ LPA,HNI
TXN000234,CUST6195,Arjun Deshmukh,Male,58,Savings,BR106,Fort Branch,Bengaluru,2024-04-03,21:16:49.0000000,Transfer,POS,16984.98046875,43992.5703125,60977.55078125,Utilities,Failed,Android,0,59,1,786,3-6 LPA,Retail
TXN000235,CUST1422,Vivaan Patel,Male,61,Current,BR110,Banjara Hills Branch,Hyderabad,2025-12-16,21:18:12.0000000,Transfer,Branch,22605.66015625,296995.25,319600.90625,Retail,Success,iPhone,0,40,0,842,3-6 LPA,HNI
TXN000236,CUST6103,Meera Kapoor,Female,54,Current,BR117,Connaught Place Branch,Bengaluru,2024-11-24,13:21:07.0000000,Withdrawal,Internet Banking,89567.2421875,152345.953125,62778.7109375,Education,Failed,Desktop,0,23,0,407,0-3 LPA,Retail
TXN000237,CUST7211,Ishita Jain,Female,33,Current,BR118,MG Road Branch,Hyderabad,2024-09-16,22:43:09.0000000,Withdrawal,ATM,82432,291828.25,209396.25,Dining,Success,Desktop,0,8,0,685,20+ LPA,Premium
TXN000238,CUST3270,Arjun Deshmukh,Male,65,Savings,BR111,Banjara Hills Branch,Pune,2025-11-17,15:02:10.0000000,Deposit,Mobile Banking,76027.3203125,278497.3125,354524.625,Dining,Success,Desktop,1,75,1,735,20+ LPA,Retail
TXN000239,CUST5886,Tanvi Patil,Female,65,Savings,BR115,Fort Branch,Chennai,2025-01-27,07:43:34.0000000,Withdrawal,ATM,43161.23046875,461640.25,418479,Grocery,Pending,iPhone,1,46,0,444,6-10 LPA,Retail
TXN000240,CUST2060,Ananya Gupta,Female,23,Savings,BR108,Connaught Place Branch,Ahmedabad,2024-01-23,02:38:08.0000000,Withdrawal,Mobile Banking,69224.9296875,11412.7001953125,0,Travel,Pending,Desktop,1,50,1,566,0-3 LPA,Premium
TXN000241,CUST3159,Aditya Verma,Male,41,Current,BR114,MG Road Branch,Pune,2025-06-24,05:54:58.0000000,Payment,Internet Banking,39656.30078125,372727.40625,333071.125,Utilities,Success,iPhone,0,92,0,679,10-20 LPA,HNI
TXN000242,CUST5140,Vivaan Patel,Male,51,Current,BR106,Fort Branch,Mumbai,2024-04-02,14:45:01.0000000,Payment,Mobile Banking,98440.6015625,248049.390625,149608.796875,Travel,Pending,Tablet,0,80,0,616,10-20 LPA,Retail
TXN000243,CUST9590,Pooja Yadav,Female,48,Current,BR118,Shivajinagar Branch,Mumbai,2025-09-09,17:11:08.0000000,Deposit,Branch,65021.12890625,210935.796875,275956.9375,Education,Success,Desktop,0,73,0,629,3-6 LPA,Corporate
TXN000244,CUST7107,Karan Malhotra,Male,43,Current,BR113,Shivajinagar Branch,Bengaluru,2025-05-07,17:49:01.0000000,Withdrawal,Branch,28786.580078125,248151.796875,219365.21875,Utilities,Failed,iPhone,0,58,0,377,6-10 LPA,Premium
TXN000245,CUST2969,Kavya Iyer,Female,46,Savings,BR105,Shivajinagar Branch,Chennai,2025-10-01,23:33:49.0000000,Deposit,Internet Banking,83151.9375,471363.65625,554515.5625,Retail,Failed,Tablet,1,97,1,900,20+ LPA,Corporate
TXN000246,CUST6413,Priya Nair,Female,51,Current,BR105,MG Road Branch,Bengaluru,2024-08-15,02:39:25.0000000,Withdrawal,ATM,67193.296875,459764.90625,392571.625,Travel,Success,Desktop,0,55,1,636,20+ LPA,Premium
TXN000247,CUST8654,Vivaan Patel,Male,35,Current,BR116,Fort Branch,Hyderabad,2025-09-24,01:03:33.0000000,Payment,Mobile Banking,21325.6796875,145786.46875,124460.7890625,Retail,Pending,Tablet,0,57,0,594,6-10 LPA,Corporate
TXN000248,CUST1898,Ananya Gupta,Female,41,Current,BR118,Connaught Place Branch,Chennai,2025-08-05,23:32:12.0000000,Payment,Internet Banking,63499.7890625,463695.1875,400195.40625,Healthcare,Failed,Android,0,28,1,897,6-10 LPA,Retail
TXN000249,CUST7794,Siddharth Rao,Male,53,Savings,BR108,Banjara Hills Branch,Kolkata,2024-01-29,20:39:20.0000000,Deposit,ATM,90951.828125,467509.1875,558461,Dining,Success,Tablet,1,71,0,616,3-6 LPA,Corporate
TXN000250,CUST8617,Rahul Mehta,Male,28,Savings,BR108,Fort Branch,Pune,2024-05-25,12:46:38.0000000,Deposit,POS,95515.6796875,78755.046875,174270.734375,Education,Failed,iPhone,0,41,1,813,6-10 LPA,Retail
TXN000251,CUST7403,Neha Singh,Female,27,Savings,BR114,Fort Branch,Mumbai,2025-01-24,13:58:36.0000000,Transfer,ATM,53683.3203125,496474.34375,550157.6875,Retail,Failed,Desktop,1,17,1,534,0-3 LPA,Corporate
TXN000252,CUST7478,Ananya Gupta,Female,52,Current,BR109,MG Road Branch,Pune,2024-08-22,18:46:17.0000000,Transfer,UPI,10403.7197265625,411690.5,422094.21875,Retail,Pending,Android,0,75,0,689,10-20 LPA,Premium
TXN000253,CUST7383,Priya Nair,Female,65,Current,BR120,MG Road Branch,Pune,2025-09-16,05:56:33.0000000,Deposit,Internet Banking,35630.83984375,87303.6328125,122934.46875,Grocery,Failed,Desktop,1,20,0,320,20+ LPA,Retail
TXN000254,CUST8736,Vikram Reddy,Male,55,Current,BR114,Fort Branch,Bengaluru,2024-05-13,00:43:57.0000000,Withdrawal,Internet Banking,90531.5625,319134.625,228603.0625,Retail,Failed,iPhone,0,94,0,555,0-3 LPA,Retail
TXN000255,CUST9693,Siddharth Rao,Male,61,Current,BR117,Fort Branch,Kolkata,2025-10-01,13:14:44.0000000,Payment,Branch,3681.14990234375,28687.9296875,25006.779296875,E-commerce,Pending,Tablet,0,21,0,699,20+ LPA,HNI
TXN000256,CUST1404,Siddharth Rao,Male,38,Savings,BR120,Banjara Hills Branch,Pune,2024-11-26,12:20:38.0000000,Withdrawal,UPI,38553.62109375,469286.625,430733,Healthcare,Success,iPhone,0,84,0,888,6-10 LPA,Corporate
TXN000257,CUST3952,Nikhil Chavan,Male,64,Current,BR118,Connaught Place Branch,Bengaluru,2025-02-03,23:55:54.0000000,Deposit,Internet Banking,74281.9921875,418020.375,492302.375,E-commerce,Success,Android,0,30,0,678,10-20 LPA,Retail
TXN000258,CUST6421,Rohan Joshi,Male,28,Current,BR105,Connaught Place Branch,Bengaluru,2025-11-17,07:05:39.0000000,Transfer,Internet Banking,85208.1328125,374162.0625,459370.1875,Retail,Failed,iPhone,0,36,1,609,3-6 LPA,HNI
TXN000259,CUST1877,Aditya Verma,Male,45,Current,BR117,Connaught Place Branch,Kolkata,2025-08-25,03:13:13.0000000,Transfer,Internet Banking,16128.8203125,427072.53125,443201.34375,Dining,Pending,Android,0,98,1,727,10-20 LPA,HNI
TXN000260,CUST9351,Sneha Kulkarni,Female,43,Current,BR108,Connaught Place Branch,Kolkata,2024-10-30,21:10:10.0000000,Deposit,POS,87288.5625,472678.65625,559967.25,Healthcare,Pending,Desktop,0,80,1,319,20+ LPA,Corporate
TXN000261,CUST2399,Aditi Mishra,Female,41,Savings,BR109,MG Road Branch,Hyderabad,2025-06-26,22:30:10.0000000,Payment,POS,67433.8984375,131520.5,64086.6015625,Utilities,Pending,Android,0,16,0,637,20+ LPA,Retail
TXN000262,CUST5123,Karan Malhotra,Male,43,Current,BR110,MG Road Branch,Hyderabad,2024-08-04,13:54:48.0000000,Withdrawal,Mobile Banking,86503.8984375,113851.203125,27347.30078125,Travel,Failed,Android,1,82,0,617,0-3 LPA,Corporate
TXN000263,CUST1876,Aditi Mishra,Female,31,Savings,BR117,Shivajinagar Branch,Chennai,2024-08-22,15:16:49.0000000,Withdrawal,UPI,24847.9609375,486872.71875,462024.75,Retail,Pending,Desktop,1,27,1,708,3-6 LPA,Retail
TXN000264,CUST1900,Tanvi Patil,Female,30,Savings,BR117,Connaught Place Branch,Kolkata,2025-05-15,22:25:24.0000000,Withdrawal,Mobile Banking,66969.703125,420770.84375,353801.125,Healthcare,Pending,Desktop,0,42,1,426,0-3 LPA,Premium
TXN000265,CUST8602,Sneha Kulkarni,Female,39,Savings,BR118,Shivajinagar Branch,Kolkata,2025-12-10,04:03:34.0000000,Withdrawal,POS,1056.22998046875,56478.359375,55422.12890625,Retail,Success,Android,0,54,0,661,6-10 LPA,Premium
TXN000266,CUST1122,Rohan Joshi,Male,55,Current,BR113,Fort Branch,Mumbai,2025-09-09,10:15:09.0000000,Deposit,POS,56347.12109375,160486.328125,216833.453125,Retail,Success,Tablet,0,2,0,709,3-6 LPA,Corporate
TXN000267,CUST3288,Neha Singh,Female,45,Current,BR109,Connaught Place Branch,Pune,2025-09-16,23:15:41.0000000,Transfer,Mobile Banking,21144.2890625,445881.71875,467026.03125,Retail,Pending,Android,0,39,1,801,0-3 LPA,Retail
TXN000268,CUST6227,Vikram Reddy,Male,63,Savings,BR107,Fort Branch,Bengaluru,2025-03-14,15:11:50.0000000,Payment,Branch,46780.828125,277100,230319.1875,Healthcare,Pending,iPhone,1,41,1,517,0-3 LPA,Retail
TXN000269,CUST2509,Rahul Mehta,Male,29,Savings,BR108,MG Road Branch,Kolkata,2024-03-22,12:52:16.0000000,Withdrawal,Branch,19721.640625,35849.33984375,16127.7001953125,Education,Success,iPhone,0,23,1,559,6-10 LPA,Corporate
TXN000270,CUST2489,Vikram Reddy,Male,28,Savings,BR109,Shivajinagar Branch,Mumbai,2024-06-25,06:50:54.0000000,Deposit,ATM,66040.7109375,436107.6875,502148.40625,Healthcare,Failed,Android,0,83,1,797,20+ LPA,Premium
TXN000271,CUST2278,Arjun Deshmukh,Male,59,Savings,BR110,MG Road Branch,Mumbai,2024-08-12,14:47:44.0000000,Payment,Internet Banking,48855.3515625,357150.8125,308295.46875,Retail,Failed,Desktop,1,16,0,469,10-20 LPA,Corporate
TXN000272,CUST4838,Aditya Verma,Male,42,Current,BR112,Connaught Place Branch,Chennai,2025-10-07,10:11:41.0000000,Payment,POS,17676.109375,310554.5,292878.375,Healthcare,Failed,iPhone,0,88,0,352,3-6 LPA,HNI
TXN000273,CUST5463,Priya Nair,Female,56,Savings,BR115,Shivajinagar Branch,Kolkata,2024-10-05,03:58:26.0000000,Transfer,Mobile Banking,4063.69995117188,304205.40625,308269.09375,Travel,Success,iPhone,0,43,1,499,20+ LPA,Retail
TXN000274,CUST9989,Aditi Mishra,Female,45,Current,BR115,MG Road Branch,Pune,2025-02-06,13:50:30.0000000,Payment,POS,89017.5390625,59781.62109375,0,Grocery,Pending,Android,1,61,0,383,0-3 LPA,Premium
TXN000275,CUST4444,Aditi Mishra,Female,53,Current,BR104,Shivajinagar Branch,Bengaluru,2024-10-19,14:47:40.0000000,Transfer,UPI,66195.75,137497.640625,203693.390625,Travel,Pending,Android,0,45,1,447,6-10 LPA,Retail
TXN000276,CUST8420,Priya Nair,Female,34,Current,BR106,Fort Branch,Pune,2025-03-22,07:42:41.0000000,Payment,ATM,54454.73828125,45373.94140625,0,E-commerce,Pending,Android,0,55,1,735,0-3 LPA,Retail
TXN000277,CUST1802,Aditya Verma,Male,61,Savings,BR115,Banjara Hills Branch,Pune,2024-01-06,03:11:26.0000000,Payment,ATM,51747.48828125,176032.703125,124285.2109375,Retail,Failed,Tablet,1,58,0,787,10-20 LPA,Retail
TXN000278,CUST8749,Pooja Yadav,Female,49,Savings,BR119,Connaught Place Branch,Mumbai,2024-01-19,00:20:05.0000000,Transfer,POS,70373.953125,96420.296875,166794.25,Travel,Success,Desktop,0,1,1,538,10-20 LPA,Premium
TXN000279,CUST3375,Aditya Verma,Male,22,Savings,BR119,Banjara Hills Branch,Delhi,2025-12-24,13:42:52.0000000,Deposit,Mobile Banking,91884.640625,138103.84375,229988.484375,Education,Pending,Desktop,0,63,0,867,0-3 LPA,Premium
TXN000280,CUST3776,Arjun Deshmukh,Male,47,Savings,BR118,Fort Branch,Chennai,2025-11-23,12:08:46.0000000,Payment,POS,13979.6396484375,229496.078125,215516.4375,E-commerce,Success,Desktop,0,23,0,538,0-3 LPA,Retail
TXN000281,CUST8366,Tanvi Patil,Female,26,Savings,BR112,Fort Branch,Ahmedabad,2025-02-11,22:35:22.0000000,Withdrawal,Internet Banking,96853.8984375,251384.875,154530.96875,Retail,Success,Desktop,1,3,1,765,0-3 LPA,HNI
TXN000282,CUST4577,Priya Nair,Female,65,Current,BR120,Connaught Place Branch,Pune,2025-05-07,21:42:12.0000000,Transfer,POS,50142.62109375,234990.890625,285133.5,E-commerce,Failed,Tablet,0,20,0,342,6-10 LPA,Retail
TXN000283,CUST7482,Vikram Reddy,Male,39,Savings,BR115,Shivajinagar Branch,Pune,2024-07-02,00:02:29.0000000,Withdrawal,UPI,46731.5390625,348044.0625,301312.53125,E-commerce,Success,Tablet,0,11,1,626,3-6 LPA,Corporate
TXN000284,CUST9165,Meera Kapoor,Female,41,Savings,BR108,MG Road Branch,Ahmedabad,2024-03-21,16:01:46.0000000,Payment,Internet Banking,87325.921875,434221.6875,346895.78125,Retail,Failed,iPhone,0,42,0,472,20+ LPA,Premium
TXN000285,CUST5988,Nikhil Chavan,Male,59,Current,BR116,Banjara Hills Branch,Hyderabad,2025-08-12,13:53:58.0000000,Withdrawal,Mobile Banking,80111.7890625,198145.484375,118033.6875,Grocery,Failed,iPhone,0,32,0,305,0-3 LPA,Premium
TXN000286,CUST1247,Aarav Sharma,Male,35,Current,BR103,Banjara Hills Branch,Pune,2025-12-28,12:58:21.0000000,Withdrawal,UPI,28787.140625,303768.96875,274981.8125,E-commerce,Failed,Desktop,0,78,0,408,6-10 LPA,HNI
TXN000287,CUST3864,Pooja Yadav,Female,29,Current,BR106,Connaught Place Branch,Kolkata,2025-08-09,15:58:57.0000000,Transfer,UPI,57361.26953125,50805.30859375,108166.578125,Retail,Success,Android,0,69,0,799,6-10 LPA,Premium
TXN000288,CUST9681,Vivaan Patel,Male,50,Current,BR115,Connaught Place Branch,Hyderabad,2024-07-09,23:15:29.0000000,Deposit,Internet Banking,4294.10009765625,496961.125,501255.25,Grocery,Failed,Android,1,17,1,842,6-10 LPA,Retail
TXN000289,CUST3002,Ishita Jain,Female,51,Current,BR116,Fort Branch,Chennai,2024-03-03,13:08:18.0000000,Payment,ATM,71333.421875,194231.125,122897.7109375,Utilities,Success,iPhone,0,56,1,594,0-3 LPA,Premium
TXN000290,CUST3466,Sneha Kulkarni,Female,53,Savings,BR105,Fort Branch,Chennai,2024-12-05,09:05:45.0000000,Payment,Branch,96161.5390625,457780.71875,361619.1875,Travel,Failed,iPhone,0,7,0,849,6-10 LPA,HNI
TXN000291,CUST4001,Vikram Reddy,Male,52,Savings,BR109,Fort Branch,Hyderabad,2024-09-18,02:07:48.0000000,Payment,Branch,12094.3095703125,327538.4375,315444.125,Grocery,Success,Android,0,73,0,368,0-3 LPA,HNI
TXN000292,CUST4279,Priya Nair,Female,39,Current,BR114,Shivajinagar Branch,Hyderabad,2024-05-31,19:16:47.0000000,Payment,Mobile Banking,9502.48046875,168771.84375,159269.359375,Grocery,Failed,iPhone,0,68,1,530,3-6 LPA,HNI
TXN000293,CUST2617,Karan Malhotra,Male,26,Savings,BR109,Connaught Place Branch,Bengaluru,2024-06-28,18:59:10.0000000,Payment,UPI,27730.2890625,443018,415287.6875,Travel,Failed,Android,0,83,0,360,6-10 LPA,Premium
TXN000294,CUST9364,Vikram Reddy,Male,26,Current,BR109,MG Road Branch,Mumbai,2024-10-17,22:44:48.0000000,Deposit,Branch,31684.580078125,434059.78125,465744.34375,Grocery,Failed,Tablet,0,40,1,332,3-6 LPA,Retail
TXN000295,CUST5343,Neha Singh,Female,24,Current,BR110,Fort Branch,Hyderabad,2025-09-03,11:57:21.0000000,Transfer,ATM,30203.279296875,412450.625,442653.875,Education,Failed,Tablet,0,14,1,764,0-3 LPA,Premium
TXN000296,CUST1073,Ananya Gupta,Female,51,Savings,BR114,MG Road Branch,Pune,2025-06-15,07:50:34.0000000,Withdrawal,POS,73252.8671875,127330.703125,54077.828125,E-commerce,Failed,Desktop,1,84,0,854,3-6 LPA,HNI
TXN000297,CUST9068,Aditya Verma,Male,52,Savings,BR103,Banjara Hills Branch,Chennai,2025-01-31,06:40:20.0000000,Transfer,POS,18136.689453125,304557.53125,322694.21875,Travel,Pending,Tablet,0,61,0,736,20+ LPA,Premium
TXN000298,CUST9789,Neha Singh,Female,45,Current,BR101,Banjara Hills Branch,Ahmedabad,2024-12-08,11:16:43.0000000,Payment,Branch,93340.3984375,409772.8125,316432.40625,Retail,Success,Tablet,1,40,0,841,6-10 LPA,Premium
TXN000299,CUST4598,Vikram Reddy,Male,26,Savings,BR102,Fort Branch,Pune,2024-05-18,17:39:01.0000000,Transfer,ATM,45570.37890625,34720.3984375,80290.78125,Retail,Failed,Tablet,1,21,0,521,6-10 LPA,Corporate
TXN000300,CUST7365,Tanvi Patil,Female,27,Current,BR103,MG Road Branch,Hyderabad,2024-02-29,08:05:16.0000000,Withdrawal,Internet Banking,61451.62890625,488297.78125,426846.15625,Healthcare,Pending,Android,0,84,0,416,10-20 LPA,Corporate
TXN000301,CUST6411,Nikhil Chavan,Male,54,Current,BR119,Shivajinagar Branch,Pune,2024-09-30,10:14:20.0000000,Withdrawal,Mobile Banking,96383.09375,338447.03125,242063.953125,Healthcare,Failed,Desktop,0,29,0,627,0-3 LPA,HNI
TXN000302,CUST5353,Tanvi Patil,Female,65,Savings,BR108,Shivajinagar Branch,Chennai,2025-12-03,13:23:23.0000000,Payment,UPI,58664.37109375,254768.921875,196104.546875,E-commerce,Failed,Desktop,0,61,1,516,6-10 LPA,Premium
TXN000303,CUST5464,Pooja Yadav,Female,54,Current,BR110,Banjara Hills Branch,Mumbai,2025-06-10,15:23:14.0000000,Transfer,Mobile Banking,73863.8515625,475067.34375,548931.1875,Retail,Success,Tablet,0,24,0,502,6-10 LPA,HNI
TXN000304,CUST3258,Neha Singh,Female,62,Current,BR120,Banjara Hills Branch,Ahmedabad,2025-03-29,21:17:20.0000000,Withdrawal,UPI,16916.76953125,38504.359375,21587.58984375,Dining,Success,iPhone,0,83,0,356,3-6 LPA,Premium
TXN000305,CUST6092,Siddharth Rao,Male,45,Current,BR116,Fort Branch,Chennai,2025-05-14,07:28:33.0000000,Transfer,Mobile Banking,47977.62109375,235273.875,283251.5,Healthcare,Pending,iPhone,1,39,1,776,0-3 LPA,HNI
TXN000306,CUST6756,Aditya Verma,Male,64,Savings,BR117,Fort Branch,Ahmedabad,2025-06-10,21:06:15.0000000,Withdrawal,POS,13139.240234375,306361.21875,293222,Dining,Failed,iPhone,0,47,0,418,20+ LPA,Corporate
TXN000307,CUST6441,Vikram Reddy,Male,33,Current,BR108,Shivajinagar Branch,Delhi,2025-09-04,14:52:55.0000000,Withdrawal,Branch,30114.150390625,252466.609375,222352.453125,Grocery,Failed,Android,0,62,1,637,10-20 LPA,Corporate
TXN000308,CUST5388,Siddharth Rao,Male,49,Current,BR120,Shivajinagar Branch,Kolkata,2025-10-27,18:53:29.0000000,Payment,Branch,92029.109375,259161.125,167132.015625,Healthcare,Failed,iPhone,0,55,1,794,0-3 LPA,Premium
TXN000309,CUST6422,Ananya Gupta,Female,34,Current,BR116,Banjara Hills Branch,Hyderabad,2025-03-28,02:48:47.0000000,Withdrawal,Branch,99394.421875,307953.5,208559.078125,Utilities,Pending,Desktop,1,72,0,567,3-6 LPA,Corporate
TXN000310,CUST4045,Kavya Iyer,Female,64,Savings,BR102,Shivajinagar Branch,Delhi,2024-09-02,08:44:24.0000000,Deposit,Mobile Banking,19162.41015625,265162.65625,284325.0625,Travel,Failed,iPhone,1,58,1,554,3-6 LPA,HNI
TXN000311,CUST1084,Meera Kapoor,Female,64,Current,BR112,MG Road Branch,Mumbai,2025-06-19,15:13:25.0000000,Payment,UPI,22593.4609375,184564.046875,161970.578125,Retail,Failed,iPhone,0,68,0,791,3-6 LPA,Corporate
TXN000312,CUST7993,Rahul Mehta,Male,65,Savings,BR104,Banjara Hills Branch,Ahmedabad,2024-05-15,16:28:45.0000000,Payment,Mobile Banking,66662.7109375,76026.6015625,9363.8896484375,Grocery,Success,Tablet,0,6,1,375,0-3 LPA,Corporate
TXN000313,CUST9856,Priya Nair,Female,63,Savings,BR116,Banjara Hills Branch,Bengaluru,2025-09-04,04:01:50.0000000,Payment,POS,98239.2890625,484574.25,386334.9375,Healthcare,Failed,iPhone,0,78,0,856,20+ LPA,Retail
TXN000314,CUST3612,Tanvi Patil,Female,60,Current,BR113,MG Road Branch,Ahmedabad,2024-11-11,13:11:00.0000000,Transfer,UPI,3207.25,318889.71875,322096.96875,Utilities,Failed,Android,0,81,1,565,0-3 LPA,Corporate
TXN000315,CUST4258,Ishita Jain,Female,53,Savings,BR102,Banjara Hills Branch,Ahmedabad,2025-12-08,06:10:16.0000000,Withdrawal,Mobile Banking,12366.6201171875,432110.09375,419743.46875,Utilities,Failed,Tablet,1,83,0,612,3-6 LPA,HNI
TXN000316,CUST8179,Karan Malhotra,Male,51,Savings,BR101,Fort Branch,Mumbai,2024-04-30,04:59:27.0000000,Withdrawal,Branch,50233.078125,238788.109375,188555.03125,Travel,Success,Tablet,0,83,0,729,0-3 LPA,Retail
TXN000317,CUST5404,Aditi Mishra,Female,25,Current,BR105,Connaught Place Branch,Delhi,2024-02-12,10:20:09.0000000,Deposit,UPI,76637.0234375,138718.1875,215355.203125,Education,Success,Android,0,3,1,496,10-20 LPA,HNI
TXN000318,CUST9752,Vivaan Patel,Male,37,Savings,BR110,Banjara Hills Branch,Bengaluru,2025-08-17,13:47:29.0000000,Withdrawal,UPI,62414.30078125,104829.796875,42415.5,Education,Failed,Android,1,18,0,576,20+ LPA,Retail
TXN000319,CUST8573,Tanvi Patil,Female,37,Savings,BR112,Shivajinagar Branch,Pune,2024-05-02,00:21:04.0000000,Payment,Branch,9244.3798828125,423517.0625,414272.6875,E-commerce,Success,Android,0,46,1,531,20+ LPA,Premium
TXN000320,CUST8591,Aarav Sharma,Male,30,Current,BR112,Connaught Place Branch,Pune,2025-11-08,20:24:38.0000000,Payment,UPI,76680.65625,317629.0625,240948.40625,E-commerce,Success,Tablet,1,2,0,858,6-10 LPA,Retail
TXN000321,CUST3644,Siddharth Rao,Male,25,Savings,BR113,Shivajinagar Branch,Mumbai,2025-02-19,06:45:29.0000000,Deposit,UPI,99563.1328125,8094.9501953125,107658.078125,Healthcare,Failed,Android,0,32,0,716,3-6 LPA,Corporate
TXN000322,CUST7335,Aarav Sharma,Male,22,Current,BR113,Fort Branch,Pune,2024-07-07,19:17:38.0000000,Transfer,POS,87986.2890625,356783.78125,444770.09375,Travel,Failed,Tablet,0,16,0,380,3-6 LPA,HNI
TXN000323,CUST2359,Nikhil Chavan,Male,31,Savings,BR115,Shivajinagar Branch,Chennai,2024-10-29,09:15:59.0000000,Deposit,Mobile Banking,10963.3603515625,174921.171875,185884.53125,E-commerce,Pending,Desktop,0,75,0,363,20+ LPA,Premium
TXN000324,CUST6429,Arjun Deshmukh,Male,23,Savings,BR110,Connaught Place Branch,Delhi,2024-02-07,00:42:37.0000000,Transfer,POS,28204.25,342678.1875,370882.4375,Utilities,Pending,Android,0,29,1,447,3-6 LPA,Premium
TXN000325,CUST7495,Tanvi Patil,Female,31,Current,BR105,Fort Branch,Bengaluru,2024-04-29,19:55:39.0000000,Payment,Internet Banking,55698.1796875,278214.1875,222516,Travel,Failed,Android,0,87,1,713,20+ LPA,HNI
TXN000326,CUST4715,Neha Singh,Female,54,Savings,BR102,Shivajinagar Branch,Ahmedabad,2025-05-02,05:43:35.0000000,Transfer,Internet Banking,87842.2890625,382001.375,469843.65625,Education,Failed,iPhone,0,51,0,860,20+ LPA,Premium
TXN000327,CUST2477,Meera Kapoor,Female,59,Savings,BR103,Banjara Hills Branch,Bengaluru,2025-04-12,12:28:07.0000000,Transfer,Internet Banking,29429.509765625,260258.75,289688.25,Dining,Success,iPhone,0,24,0,315,10-20 LPA,Premium
TXN000328,CUST3464,Ananya Gupta,Female,33,Current,BR118,Connaught Place Branch,Delhi,2025-09-04,16:14:29.0000000,Transfer,POS,4003.0400390625,389149.53125,393152.5625,Utilities,Success,Tablet,0,75,0,810,20+ LPA,Corporate
TXN000329,CUST8113,Aarav Sharma,Male,24,Savings,BR113,Shivajinagar Branch,Pune,2024-07-19,15:41:00.0000000,Withdrawal,UPI,78283.828125,359505.0625,281221.21875,Retail,Failed,Android,0,46,0,563,6-10 LPA,Retail
TXN000330,CUST4349,Kavya Iyer,Female,35,Current,BR110,Fort Branch,Bengaluru,2025-01-22,16:45:41.0000000,Payment,Mobile Banking,16437.55078125,478326.53125,461889,Retail,Pending,Android,0,23,1,345,6-10 LPA,HNI
TXN000331,CUST8200,Ananya Gupta,Female,63,Savings,BR119,Fort Branch,Mumbai,2025-09-10,01:04:54.0000000,Transfer,ATM,76762.828125,65465.69140625,142228.515625,Healthcare,Failed,iPhone,0,69,0,545,10-20 LPA,Premium
TXN000332,CUST6703,Tanvi Patil,Female,46,Current,BR105,Fort Branch,Chennai,2024-09-26,09:29:19.0000000,Deposit,POS,37862.16015625,30937.220703125,68799.3828125,Retail,Pending,Tablet,1,78,1,877,6-10 LPA,Corporate
TXN000333,CUST8910,Rahul Mehta,Male,38,Savings,BR108,Fort Branch,Kolkata,2025-03-12,23:45:50.0000000,Transfer,Internet Banking,3454.93994140625,71332.078125,74787.0234375,Travel,Failed,Android,1,60,0,574,0-3 LPA,Premium
TXN000334,CUST6125,Siddharth Rao,Male,57,Current,BR115,Banjara Hills Branch,Kolkata,2024-02-08,23:58:02.0000000,Transfer,Branch,43422.53125,412359.15625,455781.6875,Travel,Pending,Android,1,94,0,316,0-3 LPA,HNI
TXN000335,CUST9013,Siddharth Rao,Male,26,Savings,BR118,Shivajinagar Branch,Kolkata,2024-02-18,14:16:29.0000000,Deposit,POS,97746.3515625,471268.71875,569015.0625,Education,Failed,Desktop,0,67,0,505,20+ LPA,Retail
TXN000336,CUST2991,Meera Kapoor,Female,55,Savings,BR116,Fort Branch,Kolkata,2024-10-01,06:48:35.0000000,Transfer,POS,42280.73046875,90418.953125,132699.6875,Travel,Success,Tablet,1,26,1,554,0-3 LPA,Premium
TXN000337,CUST7012,Sneha Kulkarni,Female,33,Savings,BR110,Connaught Place Branch,Kolkata,2025-09-10,13:22:07.0000000,Transfer,ATM,29353.529296875,356482.75,385836.28125,Education,Pending,Desktop,0,99,1,588,6-10 LPA,HNI
TXN000338,CUST8516,Tanvi Patil,Female,50,Current,BR101,Banjara Hills Branch,Ahmedabad,2024-11-14,05:43:09.0000000,Payment,ATM,24138.51953125,27443.9609375,3305.43994140625,Education,Success,Desktop,0,28,1,549,20+ LPA,Retail
TXN000339,CUST4745,Sneha Kulkarni,Female,38,Current,BR104,Shivajinagar Branch,Delhi,2024-07-13,14:24:05.0000000,Deposit,Internet Banking,65453.80859375,239818.859375,305272.65625,Grocery,Failed,iPhone,0,20,1,890,6-10 LPA,Premium
TXN000340,CUST6689,Siddharth Rao,Male,65,Savings,BR113,Fort Branch,Kolkata,2025-01-08,17:11:04.0000000,Withdrawal,ATM,31198.66015625,329705.0625,298506.375,Retail,Success,iPhone,0,80,1,547,0-3 LPA,Corporate
TXN000341,CUST9517,Aditi Mishra,Female,42,Current,BR112,Connaught Place Branch,Delhi,2024-05-01,01:32:06.0000000,Deposit,Internet Banking,76994.8671875,242067.234375,319062.125,Grocery,Pending,Android,0,36,1,530,10-20 LPA,HNI
TXN000342,CUST2741,Karan Malhotra,Male,39,Current,BR107,Connaught Place Branch,Hyderabad,2024-08-12,09:43:16.0000000,Payment,ATM,4739.89013671875,255059.84375,250319.953125,Education,Success,Android,1,80,0,600,6-10 LPA,Premium
TXN000343,CUST6675,Pooja Yadav,Female,37,Current,BR103,Fort Branch,Hyderabad,2024-08-01,19:08:23.0000000,Deposit,Branch,70814.4765625,118539.078125,189353.5625,Utilities,Success,Tablet,1,32,1,767,0-3 LPA,Corporate
TXN000344,CUST1951,Ishita Jain,Female,58,Savings,BR101,Shivajinagar Branch,Bengaluru,2024-08-15,01:07:20.0000000,Withdrawal,ATM,27602.6796875,380375.5,352772.8125,Dining,Success,iPhone,0,61,1,567,3-6 LPA,Premium
TXN000345,CUST5235,Vivaan Patel,Male,40,Current,BR115,Banjara Hills Branch,Mumbai,2024-08-23,19:39:43.0000000,Deposit,Internet Banking,66102,72806.5078125,138908.515625,E-commerce,Pending,iPhone,0,79,1,508,20+ LPA,HNI
TXN000346,CUST3504,Siddharth Rao,Male,27,Savings,BR113,Connaught Place Branch,Mumbai,2025-01-16,14:39:31.0000000,Deposit,UPI,14719.2099609375,406052.5625,420771.78125,Retail,Failed,Desktop,0,12,1,517,3-6 LPA,HNI
TXN000347,CUST7568,Pooja Yadav,Female,50,Savings,BR111,MG Road Branch,Chennai,2024-10-18,15:01:02.0000000,Withdrawal,Branch,26277.240234375,98229.15625,71951.921875,Grocery,Pending,iPhone,0,20,0,560,6-10 LPA,Corporate
TXN000348,CUST2660,Rohan Joshi,Male,63,Current,BR117,Banjara Hills Branch,Kolkata,2024-03-30,23:52:54.0000000,Deposit,POS,6444.02001953125,61886.91015625,68330.9296875,Retail,Failed,Desktop,0,92,0,881,0-3 LPA,Premium
TXN000349,CUST3677,Aarav Sharma,Male,26,Savings,BR106,Fort Branch,Bengaluru,2025-04-15,04:12:37.0000000,Deposit,ATM,34737.80078125,345581.59375,380319.375,Retail,Failed,iPhone,1,78,1,617,20+ LPA,Corporate
TXN000350,CUST8665,Siddharth Rao,Male,35,Current,BR102,MG Road Branch,Delhi,2024-02-26,12:50:02.0000000,Withdrawal,Mobile Banking,28488.349609375,250029.703125,221541.34375,Travel,Success,iPhone,0,45,0,767,10-20 LPA,Retail
TXN000351,CUST6330,Ananya Gupta,Female,59,Savings,BR111,Shivajinagar Branch,Kolkata,2024-06-30,05:11:06.0000000,Transfer,Internet Banking,76206.03125,492725.34375,568931.375,Retail,Failed,Tablet,0,2,0,444,10-20 LPA,Retail
TXN000352,CUST1306,Tanvi Patil,Female,51,Current,BR119,Banjara Hills Branch,Chennai,2025-03-28,01:06:50.0000000,Deposit,UPI,83820.359375,272704.03125,356524.375,Travel,Success,Tablet,0,35,0,686,10-20 LPA,Retail
TXN000353,CUST3157,Siddharth Rao,Male,48,Savings,BR115,Connaught Place Branch,Kolkata,2025-04-12,17:58:04.0000000,Withdrawal,UPI,83412.296875,270765.4375,187353.125,Education,Success,Desktop,0,34,0,549,0-3 LPA,Corporate
TXN000354,CUST6065,Pooja Yadav,Female,34,Current,BR117,Connaught Place Branch,Bengaluru,2025-03-11,07:08:06.0000000,Transfer,POS,9494.259765625,138905.234375,148399.5,Travel,Pending,Android,1,12,1,669,0-3 LPA,Corporate
TXN000355,CUST8909,Pooja Yadav,Female,52,Savings,BR114,Banjara Hills Branch,Mumbai,2025-06-20,19:58:22.0000000,Deposit,ATM,30163.869140625,187708.1875,217872.0625,Retail,Pending,Desktop,0,29,0,562,6-10 LPA,Premium
TXN000356,CUST6101,Karan Malhotra,Male,65,Current,BR108,MG Road Branch,Chennai,2025-05-16,08:53:44.0000000,Withdrawal,UPI,9204.759765625,407563.53125,398358.75,Utilities,Failed,Tablet,0,20,1,459,10-20 LPA,Premium
TXN000357,CUST6243,Siddharth Rao,Male,54,Current,BR114,Connaught Place Branch,Delhi,2024-12-22,11:37:42.0000000,Transfer,Branch,83061.421875,349369.5625,432430.96875,Education,Pending,Android,0,81,1,362,20+ LPA,Premium
TXN000358,CUST1206,Aditi Mishra,Female,30,Current,BR113,Shivajinagar Branch,Bengaluru,2025-08-20,19:02:42.0000000,Withdrawal,POS,77216.7578125,429076.21875,351859.46875,Dining,Pending,Desktop,0,20,1,622,0-3 LPA,Corporate
TXN000359,CUST9774,Kavya Iyer,Female,22,Current,BR105,Fort Branch,Chennai,2024-07-14,20:39:50.0000000,Payment,Internet Banking,13528.6103515625,138994.8125,125466.203125,E-commerce,Failed,iPhone,0,73,1,458,0-3 LPA,HNI
TXN000360,CUST4920,Aditi Mishra,Female,27,Savings,BR111,Fort Branch,Chennai,2024-06-12,00:03:35.0000000,Payment,Mobile Banking,98038.40625,415238.96875,317200.5625,Utilities,Failed,Tablet,0,1,1,727,6-10 LPA,Retail
TXN000361,CUST7971,Priya Nair,Female,47,Current,BR106,Connaught Place Branch,Pune,2024-12-03,09:19:23.0000000,Payment,POS,57125.5390625,368189.4375,311063.875,Education,Pending,iPhone,0,20,1,353,3-6 LPA,Premium
TXN000362,CUST6739,Arjun Deshmukh,Male,53,Current,BR108,Banjara Hills Branch,Chennai,2024-02-11,22:19:14.0000000,Withdrawal,POS,62622.2109375,420390.59375,357768.375,Utilities,Success,Android,0,63,1,822,6-10 LPA,HNI
TXN000363,CUST3104,Tanvi Patil,Female,45,Current,BR110,Connaught Place Branch,Pune,2024-08-03,14:21:21.0000000,Transfer,UPI,37652.6484375,213499.015625,251151.671875,E-commerce,Success,Desktop,0,32,1,539,10-20 LPA,Retail
TXN000364,CUST5383,Nikhil Chavan,Male,24,Current,BR108,Banjara Hills Branch,Hyderabad,2024-12-19,21:40:46.0000000,Payment,POS,69504.796875,357426.09375,287921.28125,Healthcare,Success,Tablet,0,77,0,344,20+ LPA,HNI
TXN000365,CUST5814,Tanvi Patil,Female,21,Current,BR114,Banjara Hills Branch,Bengaluru,2024-07-06,09:48:21.0000000,Deposit,Mobile Banking,22274.419921875,196511.8125,218786.234375,Education,Failed,Android,0,91,0,448,0-3 LPA,Premium
TXN000366,CUST3725,Pooja Yadav,Female,50,Current,BR120,Connaught Place Branch,Chennai,2024-11-18,05:21:50.0000000,Payment,ATM,88521.6015625,415096.90625,326575.3125,Grocery,Failed,iPhone,0,22,1,369,20+ LPA,Corporate
TXN000367,CUST3315,Pooja Yadav,Female,45,Current,BR105,Fort Branch,Kolkata,2024-07-23,00:50:35.0000000,Withdrawal,Mobile Banking,3217.2900390625,355898.46875,352681.1875,Travel,Pending,Android,0,56,1,377,3-6 LPA,HNI
TXN000368,CUST7740,Pooja Yadav,Female,30,Savings,BR108,Fort Branch,Chennai,2025-01-20,17:42:40.0000000,Payment,Internet Banking,9416.41015625,303253.59375,293837.1875,Utilities,Pending,Android,0,12,0,707,20+ LPA,Corporate
TXN000369,CUST5263,Priya Nair,Female,36,Current,BR108,Banjara Hills Branch,Delhi,2025-04-02,02:02:23.0000000,Transfer,UPI,36646.08984375,355881.9375,392528.03125,Travel,Pending,iPhone,0,70,0,807,20+ LPA,HNI
TXN000370,CUST8919,Aditya Verma,Male,41,Current,BR119,Connaught Place Branch,Ahmedabad,2024-11-29,08:06:51.0000000,Deposit,Mobile Banking,92826.6171875,334178.1875,427004.8125,Education,Pending,iPhone,1,40,0,538,0-3 LPA,Corporate
TXN000371,CUST1860,Rahul Mehta,Male,52,Current,BR107,Banjara Hills Branch,Pune,2025-06-23,16:35:27.0000000,Withdrawal,Branch,53397.640625,245134.015625,191736.375,Education,Pending,Tablet,0,64,1,868,6-10 LPA,Corporate
TXN000372,CUST4102,Priya Nair,Female,32,Current,BR109,Connaught Place Branch,Delhi,2025-05-19,18:29:22.0000000,Deposit,Branch,98061.34375,262982.8125,361044.125,E-commerce,Pending,Desktop,1,21,1,530,0-3 LPA,Retail
TXN000373,CUST3807,Karan Malhotra,Male,30,Current,BR101,Connaught Place Branch,Pune,2024-08-22,03:06:04.0000000,Transfer,ATM,8702.4599609375,7152.22021484375,15854.6796875,Education,Success,iPhone,1,66,1,545,10-20 LPA,HNI
TXN000374,CUST4263,Sneha Kulkarni,Female,21,Current,BR106,Banjara Hills Branch,Mumbai,2024-02-11,18:26:36.0000000,Transfer,Branch,95067.7890625,99281.7421875,194349.53125,Education,Success,Desktop,0,55,0,890,10-20 LPA,Corporate
TXN000375,CUST4931,Ananya Gupta,Female,61,Current,BR101,Shivajinagar Branch,Chennai,2025-01-09,00:41:48.0000000,Withdrawal,Mobile Banking,62507.578125,294482.78125,231975.203125,Travel,Failed,iPhone,1,46,0,476,6-10 LPA,HNI
TXN000376,CUST6015,Siddharth Rao,Male,33,Savings,BR107,Shivajinagar Branch,Kolkata,2025-01-16,09:00:43.0000000,Payment,Branch,25382.5703125,293244.15625,267861.59375,Travel,Failed,iPhone,0,6,0,528,6-10 LPA,Premium
TXN000377,CUST2347,Vikram Reddy,Male,49,Current,BR119,Banjara Hills Branch,Hyderabad,2025-01-19,04:39:59.0000000,Deposit,UPI,86290.9296875,255522.765625,341813.6875,Retail,Failed,iPhone,0,38,0,544,3-6 LPA,Premium
TXN000378,CUST8915,Aditi Mishra,Female,49,Savings,BR106,Connaught Place Branch,Chennai,2025-01-27,16:48:06.0000000,Transfer,Branch,14600.26953125,17498.349609375,32098.619140625,Grocery,Failed,iPhone,1,53,1,862,20+ LPA,Premium
TXN000379,CUST3491,Priya Nair,Female,60,Savings,BR114,MG Road Branch,Chennai,2025-11-24,06:47:34.0000000,Withdrawal,UPI,74795.8828125,150736.296875,75940.421875,Travel,Success,iPhone,0,79,0,746,3-6 LPA,Premium
TXN000380,CUST4123,Ishita Jain,Female,62,Savings,BR103,Connaught Place Branch,Hyderabad,2024-11-29,10:00:46.0000000,Withdrawal,Internet Banking,72003.2109375,181062.453125,109059.2421875,Utilities,Pending,Tablet,1,50,0,317,10-20 LPA,Premium
TXN000381,CUST8103,Neha Singh,Female,21,Savings,BR106,Fort Branch,Mumbai,2025-01-31,01:56:35.0000000,Payment,ATM,8316.6904296875,101949.078125,93632.390625,Travel,Success,Tablet,0,27,0,391,0-3 LPA,Premium
TXN000382,CUST8654,Pooja Yadav,Female,27,Savings,BR102,Shivajinagar Branch,Mumbai,2025-10-17,18:41:37.0000000,Payment,UPI,97256.53125,304964.03125,207707.5,Retail,Pending,Android,1,87,1,740,3-6 LPA,HNI
TXN000383,CUST6148,Siddharth Rao,Male,57,Current,BR111,Connaught Place Branch,Chennai,2024-10-11,11:13:30.0000000,Payment,POS,7535.7099609375,136553.609375,129017.8984375,Utilities,Failed,iPhone,1,36,0,810,10-20 LPA,HNI
TXN000384,CUST8021,Aarav Sharma,Male,34,Current,BR111,Fort Branch,Bengaluru,2025-07-10,16:41:38.0000000,Withdrawal,POS,90731.0234375,271075.53125,180344.5,Retail,Pending,iPhone,0,35,0,473,10-20 LPA,Corporate
TXN000385,CUST6422,Meera Kapoor,Female,28,Current,BR110,Shivajinagar Branch,Hyderabad,2025-03-16,06:05:03.0000000,Withdrawal,POS,31235.810546875,318767.25,287531.4375,Travel,Failed,Android,0,88,1,486,3-6 LPA,Corporate
TXN000386,CUST4591,Pooja Yadav,Female,65,Savings,BR108,Connaught Place Branch,Kolkata,2024-09-09,03:47:07.0000000,Payment,UPI,14970.080078125,277244.46875,262274.375,E-commerce,Pending,iPhone,0,19,1,311,3-6 LPA,Premium
TXN000387,CUST4725,Aditi Mishra,Female,31,Current,BR118,Shivajinagar Branch,Mumbai,2024-05-11,00:56:03.0000000,Payment,ATM,41078.03125,106835.828125,65757.796875,E-commerce,Pending,Android,0,57,0,409,0-3 LPA,Corporate
TXN000388,CUST8336,Karan Malhotra,Male,25,Savings,BR120,Banjara Hills Branch,Kolkata,2024-10-15,16:57:29.0000000,Withdrawal,Branch,26571.759765625,219925.59375,193353.84375,Healthcare,Pending,Android,0,38,1,547,20+ LPA,Retail
TXN000389,CUST3031,Aditi Mishra,Female,56,Savings,BR105,Fort Branch,Mumbai,2024-04-24,10:44:07.0000000,Transfer,Mobile Banking,45100.1796875,100351.1484375,145451.328125,Utilities,Failed,Desktop,0,14,1,745,10-20 LPA,HNI
TXN000390,CUST9740,Meera Kapoor,Female,46,Current,BR112,Shivajinagar Branch,Pune,2024-05-31,07:32:29.0000000,Payment,ATM,71951.4765625,104191.84375,32240.359375,Grocery,Success,Desktop,0,84,0,855,3-6 LPA,Corporate
TXN000391,CUST7525,Arjun Deshmukh,Male,21,Current,BR118,MG Road Branch,Mumbai,2024-12-02,15:09:25.0000000,Payment,Internet Banking,27440.73046875,398781.34375,371340.625,Retail,Pending,Android,0,98,0,854,3-6 LPA,HNI
TXN000392,CUST8318,Vikram Reddy,Male,40,Savings,BR118,Connaught Place Branch,Delhi,2025-06-01,19:26:16.0000000,Withdrawal,Internet Banking,14215.16015625,188838.734375,174623.578125,Retail,Success,Desktop,1,6,0,618,10-20 LPA,Corporate
TXN000393,CUST2045,Rohan Joshi,Male,52,Current,BR107,MG Road Branch,Bengaluru,2024-02-15,07:52:21.0000000,Withdrawal,ATM,14235.6396484375,30202.859375,15967.2197265625,Grocery,Pending,Desktop,0,27,1,313,20+ LPA,Retail
TXN000394,CUST8607,Aarav Sharma,Male,25,Savings,BR103,Fort Branch,Kolkata,2025-07-23,04:06:23.0000000,Transfer,Internet Banking,47278.8984375,231243.59375,278522.5,Dining,Pending,Android,0,71,0,333,6-10 LPA,Corporate
TXN000395,CUST1795,Aditi Mishra,Female,42,Current,BR103,Shivajinagar Branch,Kolkata,2025-04-17,17:31:46.0000000,Transfer,Mobile Banking,73379.6796875,436091.6875,509471.375,Travel,Failed,Android,0,19,0,617,10-20 LPA,HNI
TXN000396,CUST1415,Nikhil Chavan,Male,38,Savings,BR119,MG Road Branch,Bengaluru,2025-09-14,01:54:43.0000000,Withdrawal,Internet Banking,73196.359375,282774.5625,209578.203125,Healthcare,Success,Desktop,0,56,0,490,3-6 LPA,Premium
TXN000397,CUST9422,Priya Nair,Female,26,Current,BR107,Connaught Place Branch,Chennai,2025-01-17,10:01:02.0000000,Transfer,Internet Banking,78055.0078125,424888.84375,502943.84375,E-commerce,Failed,Tablet,0,83,1,762,0-3 LPA,Premium
TXN000398,CUST1774,Arjun Deshmukh,Male,35,Savings,BR114,Fort Branch,Mumbai,2024-05-04,07:15:42.0000000,Deposit,ATM,19962.48046875,113493.421875,133455.90625,Education,Success,iPhone,0,34,1,377,6-10 LPA,Retail
TXN000399,CUST7923,Aditi Mishra,Female,28,Current,BR111,Shivajinagar Branch,Kolkata,2025-12-07,02:17:20.0000000,Transfer,POS,11605.08984375,367071.8125,378676.875,Education,Pending,Android,0,50,0,857,20+ LPA,HNI
TXN000400,CUST6599,Siddharth Rao,Male,41,Savings,BR107,Connaught Place Branch,Pune,2025-06-29,20:41:25.0000000,Withdrawal,ATM,36417.921875,113214.1015625,76796.1796875,Education,Success,Tablet,1,2,1,578,3-6 LPA,HNI
TXN000401,CUST8995,Pooja Yadav,Female,52,Current,BR104,Banjara Hills Branch,Mumbai,2024-07-01,09:01:58.0000000,Transfer,ATM,89393.7890625,328355.125,417748.90625,Healthcare,Failed,Desktop,0,93,1,562,0-3 LPA,Premium
TXN000402,CUST4223,Siddharth Rao,Male,59,Savings,BR103,MG Road Branch,Kolkata,2025-06-29,03:47:02.0000000,Transfer,Internet Banking,99963.53125,5052.43994140625,105015.96875,Healthcare,Failed,iPhone,1,13,0,406,10-20 LPA,Premium
TXN000403,CUST1425,Ananya Gupta,Female,52,Current,BR115,Fort Branch,Delhi,2024-10-22,22:07:12.0000000,Payment,Mobile Banking,13716.2099609375,171635.078125,157918.875,Retail,Pending,iPhone,0,44,1,323,6-10 LPA,Retail
TXN000404,CUST1529,Ananya Gupta,Female,49,Savings,BR117,Fort Branch,Delhi,2024-01-21,04:59:50.0000000,Transfer,Mobile Banking,47152.609375,403576.03125,450728.65625,Education,Failed,Tablet,0,13,1,367,20+ LPA,Retail
TXN000405,CUST7190,Aditya Verma,Male,41,Current,BR120,Fort Branch,Kolkata,2025-01-18,20:18:25.0000000,Payment,Mobile Banking,82675.2734375,394140.28125,311465,Utilities,Pending,Tablet,0,9,1,530,6-10 LPA,HNI
TXN000406,CUST6443,Ishita Jain,Female,61,Savings,BR106,Connaught Place Branch,Mumbai,2025-03-14,10:10:58.0000000,Transfer,ATM,64650.1796875,338130,402780.1875,Healthcare,Pending,iPhone,0,26,1,571,6-10 LPA,Corporate
TXN000407,CUST3407,Rahul Mehta,Male,46,Savings,BR119,MG Road Branch,Chennai,2025-07-24,14:15:26.0000000,Payment,ATM,3391.669921875,95339,91947.328125,Travel,Failed,Android,0,39,0,740,20+ LPA,Retail
TXN000408,CUST2090,Aditi Mishra,Female,41,Savings,BR105,Banjara Hills Branch,Chennai,2024-10-03,10:39:13.0000000,Deposit,Branch,86106.75,180361.84375,266468.59375,Grocery,Pending,iPhone,0,98,0,399,20+ LPA,Premium
TXN000409,CUST3901,Karan Malhotra,Male,58,Current,BR108,Banjara Hills Branch,Delhi,2025-02-08,13:48:00.0000000,Deposit,Mobile Banking,25368.08984375,135284.65625,160652.734375,E-commerce,Success,Desktop,0,12,1,736,10-20 LPA,Retail
TXN000410,CUST4791,Aarav Sharma,Male,25,Current,BR112,Fort Branch,Chennai,2024-04-26,02:46:26.0000000,Payment,POS,23222.41015625,131707.65625,108485.25,Dining,Success,Desktop,1,21,0,579,20+ LPA,Corporate
TXN000411,CUST7563,Nikhil Chavan,Male,35,Current,BR101,Connaught Place Branch,Hyderabad,2025-03-08,20:52:41.0000000,Payment,UPI,5031.8701171875,224184.71875,219152.84375,Retail,Success,Desktop,0,60,0,724,10-20 LPA,Corporate
TXN000412,CUST7473,Sneha Kulkarni,Female,58,Savings,BR105,Shivajinagar Branch,Chennai,2024-06-22,01:25:24.0000000,Transfer,Branch,66101.703125,12566.330078125,78668.03125,Utilities,Pending,Desktop,0,33,1,375,6-10 LPA,Corporate
TXN000413,CUST8195,Kavya Iyer,Female,48,Savings,BR106,Fort Branch,Hyderabad,2025-06-07,02:07:46.0000000,Payment,Mobile Banking,96085.390625,302196.53125,206111.140625,Utilities,Success,Desktop,0,63,0,834,3-6 LPA,Corporate
TXN000414,CUST1555,Kavya Iyer,Female,63,Savings,BR118,MG Road Branch,Kolkata,2024-08-27,22:18:40.0000000,Deposit,POS,75380.6796875,210067.796875,285448.46875,E-commerce,Success,Tablet,1,34,0,861,20+ LPA,HNI
TXN000415,CUST6291,Meera Kapoor,Female,57,Savings,BR104,MG Road Branch,Pune,2024-12-20,19:39:30.0000000,Withdrawal,POS,5051.2099609375,477857.375,472806.15625,Dining,Success,Tablet,1,89,0,338,0-3 LPA,Retail
TXN000416,CUST6705,Karan Malhotra,Male,56,Savings,BR119,MG Road Branch,Ahmedabad,2025-07-25,07:36:32.0000000,Withdrawal,UPI,85991.578125,30122.01953125,0,E-commerce,Pending,Tablet,0,70,0,823,10-20 LPA,Retail
TXN000417,CUST6736,Arjun Deshmukh,Male,29,Savings,BR101,Shivajinagar Branch,Delhi,2024-09-21,10:17:24.0000000,Deposit,Branch,30397.44921875,14724.3798828125,45121.828125,Grocery,Pending,Tablet,0,25,0,307,20+ LPA,HNI
TXN000418,CUST7987,Sneha Kulkarni,Female,50,Savings,BR104,MG Road Branch,Pune,2025-08-23,20:40:15.0000000,Payment,ATM,99030.046875,327329.5625,228299.5,E-commerce,Failed,Desktop,0,93,0,715,3-6 LPA,Corporate
TXN000419,CUST1227,Kavya Iyer,Female,27,Current,BR113,Connaught Place Branch,Hyderabad,2025-02-12,10:58:25.0000000,Payment,Internet Banking,85971.9609375,139267.9375,53295.96875,Dining,Success,Android,0,3,1,788,3-6 LPA,Premium
TXN000420,CUST7203,Aditya Verma,Male,45,Current,BR102,Banjara Hills Branch,Ahmedabad,2024-02-16,08:50:06.0000000,Deposit,UPI,73073.5,402276.28125,475349.78125,Utilities,Success,Android,0,12,0,302,3-6 LPA,Retail
TXN000421,CUST1603,Ananya Gupta,Female,39,Current,BR103,Fort Branch,Ahmedabad,2025-04-17,20:25:12.0000000,Payment,Internet Banking,64485.30078125,328038.125,263552.84375,Retail,Pending,Tablet,1,78,1,774,10-20 LPA,HNI
TXN000422,CUST7792,Aarav Sharma,Male,37,Current,BR109,Connaught Place Branch,Hyderabad,2024-08-02,23:18:37.0000000,Payment,Internet Banking,24086.5390625,423535.15625,399448.625,Education,Failed,iPhone,1,65,0,573,0-3 LPA,Retail
TXN000423,CUST7577,Rahul Mehta,Male,32,Savings,BR101,MG Road Branch,Mumbai,2024-01-25,13:39:03.0000000,Payment,POS,92988.953125,119935.25,26946.30078125,Utilities,Failed,Desktop,0,12,1,476,3-6 LPA,HNI
TXN000424,CUST9273,Rahul Mehta,Male,64,Savings,BR110,Banjara Hills Branch,Pune,2025-12-14,02:33:14.0000000,Payment,Mobile Banking,83946.3515625,141028.234375,57081.87890625,Retail,Failed,Android,0,58,1,681,10-20 LPA,HNI
TXN000425,CUST1247,Priya Nair,Female,43,Current,BR112,MG Road Branch,Bengaluru,2025-01-07,18:31:44.0000000,Payment,Internet Banking,87542.3203125,498470.125,410927.78125,Dining,Failed,Android,0,9,1,620,3-6 LPA,Retail
TXN000426,CUST5734,Vivaan Patel,Male,24,Savings,BR111,Connaught Place Branch,Chennai,2025-04-23,22:45:29.0000000,Transfer,ATM,29231.669921875,481953.28125,511184.96875,Travel,Success,iPhone,0,90,0,809,0-3 LPA,HNI
TXN000427,CUST7264,Priya Nair,Female,63,Current,BR114,Banjara Hills Branch,Hyderabad,2025-04-18,13:15:44.0000000,Payment,Internet Banking,9196.900390625,323458.875,314261.96875,Healthcare,Success,Desktop,1,10,0,840,6-10 LPA,HNI
TXN000428,CUST9038,Rohan Joshi,Male,46,Savings,BR115,Connaught Place Branch,Bengaluru,2025-07-20,16:52:41.0000000,Deposit,Internet Banking,18104.970703125,31119.0390625,49224.01171875,Healthcare,Failed,iPhone,0,93,1,536,6-10 LPA,Corporate
TXN000429,CUST5231,Kavya Iyer,Female,62,Savings,BR120,Connaught Place Branch,Kolkata,2025-04-05,07:35:57.0000000,Deposit,Internet Banking,10218.419921875,417737.40625,427955.84375,Utilities,Pending,Desktop,0,23,1,474,6-10 LPA,Premium
TXN000430,CUST2354,Vikram Reddy,Male,30,Savings,BR118,MG Road Branch,Hyderabad,2024-11-18,02:09:53.0000000,Transfer,ATM,22920.830078125,227617.09375,250537.9375,Grocery,Success,Android,0,37,1,840,6-10 LPA,Premium
TXN000431,CUST6413,Aditya Verma,Male,46,Current,BR113,Connaught Place Branch,Hyderabad,2024-09-28,06:21:08.0000000,Withdrawal,POS,64239.98828125,219623.015625,155383.015625,Education,Pending,Android,1,3,1,654,20+ LPA,HNI
TXN000432,CUST8930,Neha Singh,Female,37,Savings,BR116,Connaught Place Branch,Chennai,2024-06-22,00:43:51.0000000,Payment,Internet Banking,60447.1796875,300041.875,239594.703125,Retail,Success,Tablet,0,33,1,545,0-3 LPA,HNI
TXN000433,CUST7009,Meera Kapoor,Female,22,Current,BR105,MG Road Branch,Pune,2024-06-16,07:32:38.0000000,Transfer,POS,26281.359375,426130.40625,452411.75,Travel,Success,Tablet,1,52,0,857,0-3 LPA,Premium
TXN000434,CUST3336,Vivaan Patel,Male,28,Current,BR105,Shivajinagar Branch,Bengaluru,2024-05-23,17:04:04.0000000,Transfer,UPI,73576.84375,103468.75,177045.59375,Utilities,Failed,Desktop,0,5,0,651,3-6 LPA,Retail
TXN000435,CUST6386,Sneha Kulkarni,Female,65,Current,BR119,Shivajinagar Branch,Ahmedabad,2024-09-01,12:22:07.0000000,Deposit,Internet Banking,27946.990234375,437785.6875,465732.6875,Grocery,Pending,Android,0,81,0,496,10-20 LPA,Retail
TXN000436,CUST2947,Sneha Kulkarni,Female,63,Current,BR118,Banjara Hills Branch,Mumbai,2025-12-26,00:26:01.0000000,Payment,ATM,12397.0400390625,160115.296875,147718.265625,Dining,Failed,Android,1,98,0,674,6-10 LPA,Retail
TXN000437,CUST6826,Rohan Joshi,Male,47,Savings,BR119,MG Road Branch,Kolkata,2024-06-14,11:01:09.0000000,Withdrawal,POS,33654.640625,277668.78125,244014.140625,Grocery,Failed,Tablet,0,5,0,777,20+ LPA,HNI
TXN000438,CUST3325,Rohan Joshi,Male,33,Current,BR107,Shivajinagar Branch,Ahmedabad,2025-08-01,20:29:35.0000000,Transfer,Internet Banking,40701.94921875,456934.90625,497636.84375,Utilities,Success,Desktop,0,25,0,856,20+ LPA,Retail
TXN000439,CUST4528,Neha Singh,Female,57,Current,BR116,Shivajinagar Branch,Ahmedabad,2024-10-05,16:23:39.0000000,Transfer,POS,78137.8828125,63831.05078125,141968.9375,Utilities,Success,Tablet,0,65,1,708,6-10 LPA,HNI
TXN000440,CUST1365,Sneha Kulkarni,Female,22,Savings,BR105,Banjara Hills Branch,Kolkata,2025-04-17,08:38:44.0000000,Deposit,Branch,19881.240234375,228054.328125,247935.5625,Utilities,Failed,Android,0,81,0,803,6-10 LPA,Corporate
TXN000441,CUST3109,Aditi Mishra,Female,53,Current,BR117,Connaught Place Branch,Pune,2024-10-24,10:54:42.0000000,Withdrawal,Branch,23410.869140625,461859,438448.125,E-commerce,Success,Android,0,47,1,460,3-6 LPA,Retail
TXN000442,CUST1785,Arjun Deshmukh,Male,55,Current,BR107,Connaught Place Branch,Delhi,2024-03-09,12:05:51.0000000,Withdrawal,Mobile Banking,77058.9296875,14840.650390625,0,Education,Failed,Android,1,10,1,897,10-20 LPA,Corporate
TXN000443,CUST6298,Aditya Verma,Male,24,Savings,BR115,Fort Branch,Hyderabad,2025-04-03,01:32:19.0000000,Deposit,ATM,904.140014648438,81676.3828125,82580.5234375,Travel,Failed,Desktop,0,93,0,552,0-3 LPA,Corporate
TXN000444,CUST5308,Vikram Reddy,Male,24,Savings,BR102,MG Road Branch,Delhi,2024-10-23,00:55:15.0000000,Payment,ATM,26660.5,249147.15625,222486.65625,Retail,Success,Tablet,0,15,0,770,20+ LPA,HNI
TXN000445,CUST1859,Siddharth Rao,Male,39,Current,BR106,Fort Branch,Hyderabad,2024-03-01,21:11:18.0000000,Deposit,Internet Banking,2416.330078125,100179.7109375,102596.0390625,Education,Success,Android,0,31,0,802,3-6 LPA,Corporate
TXN000446,CUST9225,Ananya Gupta,Female,60,Savings,BR114,Fort Branch,Mumbai,2025-09-10,17:44:27.0000000,Payment,Mobile Banking,74631.796875,94278.2890625,19646.490234375,Grocery,Failed,Desktop,0,35,0,594,6-10 LPA,HNI
TXN000447,CUST2655,Aarav Sharma,Male,58,Current,BR118,Shivajinagar Branch,Bengaluru,2024-07-28,10:44:21.0000000,Transfer,ATM,40992.0703125,279550.875,320542.9375,Travel,Success,Desktop,0,50,0,330,0-3 LPA,HNI
TXN000448,CUST7638,Neha Singh,Female,65,Current,BR103,Shivajinagar Branch,Hyderabad,2025-08-09,16:53:01.0000000,Withdrawal,UPI,3286.57006835938,488478.875,485192.3125,Grocery,Success,iPhone,0,1,1,723,0-3 LPA,HNI
TXN000449,CUST2575,Aarav Sharma,Male,49,Savings,BR101,Fort Branch,Chennai,2024-08-31,15:42:22.0000000,Payment,UPI,32733.80078125,21841.890625,0,Travel,Pending,iPhone,0,56,1,413,20+ LPA,Corporate
TXN000450,CUST3635,Aditya Verma,Male,51,Current,BR116,Fort Branch,Chennai,2025-11-04,20:42:09.0000000,Transfer,POS,67048.546875,167718.546875,234767.09375,Retail,Pending,iPhone,0,57,0,608,3-6 LPA,Premium
TXN000451,CUST9049,Ishita Jain,Female,51,Current,BR117,MG Road Branch,Kolkata,2024-01-08,01:42:07.0000000,Withdrawal,ATM,80750.0234375,105614.2578125,24864.240234375,Dining,Success,Android,1,77,1,302,6-10 LPA,Retail
TXN000452,CUST6618,Vikram Reddy,Male,26,Savings,BR103,Fort Branch,Kolkata,2025-06-08,08:32:08.0000000,Deposit,ATM,36169.078125,190342.546875,226511.625,Education,Success,iPhone,0,100,1,651,20+ LPA,HNI
TXN000453,CUST8822,Rohan Joshi,Male,44,Savings,BR106,Connaught Place Branch,Chennai,2024-09-25,23:04:13.0000000,Transfer,ATM,50583.2890625,177180.03125,227763.3125,Healthcare,Success,Android,0,11,0,771,20+ LPA,HNI
TXN000454,CUST8684,Meera Kapoor,Female,28,Savings,BR118,Banjara Hills Branch,Mumbai,2024-11-17,04:52:34.0000000,Transfer,Internet Banking,2384.6201171875,405421.65625,407806.28125,Grocery,Pending,iPhone,0,71,1,718,20+ LPA,Corporate
TXN000455,CUST8779,Rahul Mehta,Male,38,Current,BR103,Banjara Hills Branch,Ahmedabad,2024-06-27,05:29:39.0000000,Deposit,Branch,35674.421875,354817.375,390491.78125,Healthcare,Failed,Desktop,1,91,0,820,10-20 LPA,Corporate
TXN000456,CUST2658,Nikhil Chavan,Male,45,Current,BR120,MG Road Branch,Kolkata,2025-01-20,08:53:33.0000000,Payment,POS,53651.328125,65689.203125,12037.8701171875,Education,Pending,Tablet,0,5,0,720,20+ LPA,Corporate
TXN000457,CUST2053,Pooja Yadav,Female,52,Savings,BR105,MG Road Branch,Bengaluru,2024-09-11,04:07:57.0000000,Payment,POS,9690.83984375,13722.1298828125,4031.2900390625,Dining,Pending,Android,0,3,1,682,3-6 LPA,Retail
TXN000458,CUST6934,Ananya Gupta,Female,28,Savings,BR111,Shivajinagar Branch,Pune,2025-03-01,00:18:58.0000000,Transfer,POS,8242.1904296875,271297.4375,279539.625,Utilities,Success,Tablet,0,87,0,398,3-6 LPA,HNI
TXN000459,CUST5050,Rahul Mehta,Male,52,Current,BR118,Banjara Hills Branch,Bengaluru,2024-08-19,08:59:37.0000000,Transfer,ATM,95724.1875,338351.53125,434075.71875,Utilities,Failed,Android,0,8,1,858,6-10 LPA,Premium
TXN000460,CUST8980,Priya Nair,Female,25,Savings,BR104,MG Road Branch,Ahmedabad,2025-04-24,16:50:08.0000000,Transfer,POS,94880.6171875,393717.15625,488597.78125,Retail,Success,iPhone,0,47,1,695,10-20 LPA,Corporate
TXN000461,CUST9799,Aarav Sharma,Male,30,Savings,BR106,Connaught Place Branch,Pune,2024-02-28,19:53:56.0000000,Payment,Internet Banking,45948.26171875,248742.609375,202794.34375,Dining,Success,Android,0,63,0,607,10-20 LPA,HNI
TXN000462,CUST5134,Pooja Yadav,Female,42,Savings,BR115,Banjara Hills Branch,Kolkata,2024-06-12,14:47:44.0000000,Transfer,Branch,28833.619140625,352468.375,381302,Healthcare,Failed,Desktop,1,22,0,472,6-10 LPA,HNI
TXN000463,CUST3960,Tanvi Patil,Female,58,Savings,BR119,Connaught Place Branch,Ahmedabad,2024-11-15,04:47:13.0000000,Withdrawal,Internet Banking,37635.421875,296259.53125,258624.125,Retail,Pending,Android,1,80,0,391,0-3 LPA,HNI
TXN000464,CUST9139,Neha Singh,Female,57,Savings,BR108,Fort Branch,Hyderabad,2025-08-16,20:36:10.0000000,Withdrawal,Internet Banking,62676.26953125,138908.765625,76232.4921875,Retail,Success,Desktop,1,42,1,686,0-3 LPA,Corporate
TXN000465,CUST3274,Ananya Gupta,Female,27,Savings,BR112,Shivajinagar Branch,Pune,2025-08-11,17:55:15.0000000,Withdrawal,POS,48560.94140625,364087.1875,315526.25,Education,Failed,iPhone,1,41,1,608,6-10 LPA,Corporate
TXN000466,CUST1160,Vikram Reddy,Male,24,Current,BR102,Connaught Place Branch,Ahmedabad,2024-10-29,22:35:21.0000000,Deposit,Mobile Banking,45219.01953125,271191.4375,316410.46875,Travel,Success,iPhone,0,50,1,798,3-6 LPA,HNI
TXN000467,CUST4461,Pooja Yadav,Female,21,Savings,BR110,MG Road Branch,Hyderabad,2025-07-05,21:03:48.0000000,Withdrawal,ATM,79368.9609375,154076.65625,74707.703125,Retail,Pending,Desktop,0,20,1,661,20+ LPA,Premium
TXN000468,CUST7692,Karan Malhotra,Male,44,Savings,BR109,Connaught Place Branch,Delhi,2024-10-19,17:26:59.0000000,Payment,Internet Banking,52730.41015625,93167.1015625,40436.69140625,Education,Failed,Tablet,0,87,0,586,10-20 LPA,Corporate
TXN000469,CUST2667,Tanvi Patil,Female,50,Savings,BR113,MG Road Branch,Bengaluru,2024-12-31,01:09:56.0000000,Transfer,ATM,90611.09375,262026.671875,352637.75,Healthcare,Pending,Android,0,37,1,515,3-6 LPA,Retail
TXN000470,CUST7075,Ananya Gupta,Female,64,Savings,BR116,Banjara Hills Branch,Chennai,2024-06-28,07:04:52.0000000,Deposit,UPI,15989.7900390625,291244.5,307234.3125,Travel,Success,Tablet,0,56,0,898,6-10 LPA,Retail
TXN000471,CUST2827,Kavya Iyer,Female,64,Savings,BR119,Banjara Hills Branch,Mumbai,2025-12-05,06:32:54.0000000,Withdrawal,Internet Banking,46346.03125,140861.171875,94515.140625,Dining,Failed,Tablet,0,100,0,818,6-10 LPA,Corporate
TXN000472,CUST9949,Rahul Mehta,Male,58,Current,BR115,Banjara Hills Branch,Bengaluru,2025-07-13,16:39:54.0000000,Transfer,POS,97817.84375,126458.8984375,224276.734375,Healthcare,Failed,iPhone,0,6,0,837,20+ LPA,Premium
TXN000473,CUST6915,Vivaan Patel,Male,33,Current,BR110,MG Road Branch,Delhi,2024-11-02,21:28:15.0000000,Transfer,POS,90462.1328125,271404.125,361866.25,Retail,Failed,Desktop,0,78,1,778,10-20 LPA,Premium
TXN000474,CUST8319,Neha Singh,Female,38,Current,BR118,Connaught Place Branch,Pune,2024-06-02,20:22:05.0000000,Withdrawal,POS,43639.01171875,418443.09375,374804.0625,Retail,Pending,Android,1,24,0,558,6-10 LPA,Retail
TXN000475,CUST4041,Rohan Joshi,Male,59,Current,BR113,MG Road Branch,Chennai,2025-11-07,11:40:01.0000000,Transfer,ATM,7836.669921875,32282.279296875,40118.94921875,E-commerce,Failed,Tablet,1,69,1,570,0-3 LPA,HNI
TXN000476,CUST5756,Aditi Mishra,Female,23,Savings,BR108,MG Road Branch,Chennai,2025-08-06,22:13:26.0000000,Deposit,Internet Banking,49945.75,411818.875,461764.625,E-commerce,Failed,Tablet,1,72,0,462,0-3 LPA,Retail
TXN000477,CUST1627,Aarav Sharma,Male,31,Savings,BR114,Connaught Place Branch,Hyderabad,2025-05-02,19:15:49.0000000,Payment,Branch,69016.59375,257079.078125,188062.484375,Grocery,Success,Desktop,1,36,0,429,10-20 LPA,HNI
TXN000478,CUST7282,Meera Kapoor,Female,34,Current,BR101,MG Road Branch,Kolkata,2025-02-27,11:57:20.0000000,Transfer,POS,27326.94921875,100827.78125,128154.7265625,Dining,Success,Desktop,0,85,1,751,3-6 LPA,Retail
TXN000479,CUST3792,Aditi Mishra,Female,25,Savings,BR117,MG Road Branch,Bengaluru,2025-03-13,05:51:43.0000000,Transfer,ATM,15780.2197265625,347215.90625,362996.125,Grocery,Success,Android,0,91,1,567,10-20 LPA,Premium
TXN000480,CUST7327,Rahul Mehta,Male,50,Current,BR101,Shivajinagar Branch,Bengaluru,2025-06-14,14:55:50.0000000,Payment,Internet Banking,43473.01171875,276355.25,232882.234375,Travel,Failed,iPhone,1,48,1,334,20+ LPA,Corporate
TXN000481,CUST1228,Rohan Joshi,Male,30,Savings,BR103,Banjara Hills Branch,Chennai,2024-11-04,01:04:09.0000000,Payment,Branch,45201.69921875,393944.90625,348743.1875,Grocery,Failed,iPhone,0,36,1,446,0-3 LPA,Premium
TXN000482,CUST8127,Aditya Verma,Male,30,Savings,BR105,MG Road Branch,Kolkata,2025-02-13,02:49:24.0000000,Deposit,Mobile Banking,12712.240234375,412759.78125,425472.03125,Travel,Pending,Android,1,85,0,641,3-6 LPA,Corporate
TXN000483,CUST5909,Rohan Joshi,Male,61,Savings,BR103,Fort Branch,Ahmedabad,2024-10-30,06:16:16.0000000,Payment,POS,51803.94140625,173842.8125,122038.8828125,Healthcare,Success,Android,0,31,0,595,20+ LPA,HNI
TXN000484,CUST6237,Arjun Deshmukh,Male,61,Savings,BR113,MG Road Branch,Pune,2025-05-17,05:20:20.0000000,Transfer,ATM,44560.44140625,228594.546875,273154.96875,Retail,Failed,Desktop,0,74,1,732,20+ LPA,Premium
TXN000485,CUST5057,Vikram Reddy,Male,35,Savings,BR105,MG Road Branch,Kolkata,2025-06-15,15:46:31.0000000,Payment,Internet Banking,11690.25,482897.625,471207.375,Dining,Pending,Desktop,0,84,1,431,20+ LPA,Corporate
TXN000486,CUST8692,Ishita Jain,Female,36,Current,BR113,Connaught Place Branch,Pune,2024-08-23,04:39:46.0000000,Payment,UPI,15573.83984375,95195.9375,79622.1015625,Retail,Success,iPhone,1,32,0,442,0-3 LPA,Premium
TXN000487,CUST1917,Priya Nair,Female,47,Current,BR119,Shivajinagar Branch,Chennai,2025-08-09,05:01:31.0000000,Transfer,POS,68295.84375,237077.625,305373.46875,Travel,Pending,Tablet,0,35,0,786,0-3 LPA,Retail
TXN000488,CUST9638,Pooja Yadav,Female,51,Savings,BR119,MG Road Branch,Chennai,2025-12-21,19:28:44.0000000,Payment,ATM,33180.8984375,395427.09375,362246.1875,Healthcare,Failed,Desktop,0,11,1,564,0-3 LPA,Corporate
TXN000489,CUST5599,Ananya Gupta,Female,42,Savings,BR118,Connaught Place Branch,Bengaluru,2024-02-09,12:33:30.0000000,Payment,POS,3409.7099609375,37597.69140625,34187.98046875,Dining,Success,Tablet,0,16,1,417,3-6 LPA,Retail
TXN000490,CUST8753,Kavya Iyer,Female,48,Current,BR113,MG Road Branch,Ahmedabad,2024-06-01,10:59:14.0000000,Withdrawal,Branch,46790.109375,263911.96875,217121.875,Grocery,Success,Android,0,37,0,869,0-3 LPA,Premium
TXN000491,CUST9937,Aarav Sharma,Male,31,Savings,BR119,MG Road Branch,Hyderabad,2025-12-24,02:50:12.0000000,Deposit,ATM,18409.41015625,232570.453125,250979.875,E-commerce,Pending,Tablet,1,19,1,313,3-6 LPA,Retail
TXN000492,CUST2470,Tanvi Patil,Female,38,Current,BR116,Connaught Place Branch,Pune,2025-07-26,18:49:43.0000000,Deposit,UPI,61134.37109375,361422.5625,422556.9375,Grocery,Pending,Tablet,0,40,1,340,10-20 LPA,Premium
TXN000493,CUST1592,Rohan Joshi,Male,59,Savings,BR117,Banjara Hills Branch,Delhi,2025-05-22,08:23:44.0000000,Deposit,Internet Banking,37346.5,334856.90625,372203.40625,Retail,Failed,iPhone,1,52,0,591,6-10 LPA,HNI
TXN000494,CUST9163,Aditi Mishra,Female,27,Current,BR103,Shivajinagar Branch,Hyderabad,2024-02-23,09:27:56.0000000,Deposit,UPI,73959.71875,190200.4375,264160.15625,Grocery,Failed,iPhone,0,67,0,453,3-6 LPA,HNI
TXN000495,CUST9495,Kavya Iyer,Female,56,Savings,BR117,Banjara Hills Branch,Mumbai,2024-06-28,13:09:17.0000000,Deposit,Mobile Banking,55416.98046875,287318.6875,342735.65625,Healthcare,Pending,Tablet,0,64,1,597,10-20 LPA,HNI
TXN000496,CUST6091,Siddharth Rao,Male,59,Savings,BR105,Shivajinagar Branch,Chennai,2025-11-14,10:58:32.0000000,Transfer,POS,63147.44921875,337460.75,400608.1875,Grocery,Failed,Desktop,0,88,0,673,0-3 LPA,HNI
TXN000497,CUST8784,Meera Kapoor,Female,52,Savings,BR101,MG Road Branch,Ahmedabad,2025-03-06,11:42:41.0000000,Payment,Mobile Banking,31050.890625,360743.59375,329692.6875,Grocery,Success,Tablet,0,36,0,538,6-10 LPA,HNI
TXN000498,CUST6156,Vivaan Patel,Male,43,Current,BR113,MG Road Branch,Bengaluru,2024-04-19,23:44:09.0000000,Payment,Branch,61555.98046875,462099.4375,400543.46875,Education,Failed,Desktop,0,72,1,806,3-6 LPA,HNI
TXN000499,CUST3462,Aarav Sharma,Male,42,Savings,BR109,Fort Branch,Ahmedabad,2024-02-23,21:06:31.0000000,Withdrawal,Mobile Banking,34024.671875,134140.34375,100115.6796875,Healthcare,Success,Desktop,0,77,0,574,20+ LPA,HNI
TXN000500,CUST3732,Vivaan Patel,Male,21,Savings,BR110,Banjara Hills Branch,Bengaluru,2025-04-16,12:43:15.0000000,Transfer,ATM,49780.859375,319739.5625,369520.4375,Healthcare,Failed,Tablet,0,4,1,846,6-10 LPA,Retail
