Transaction_ID,Customer_ID,Customer_Name,Gender,Age,Account_Type,Branch_ID,Branch_Name,City,Transaction_Date,Transaction_Time,Transaction_Type,Channel,Amount,Balance_Before,Balance_After,Merchant_Category,Transaction_Status,Device_Type,Fraud_Flag,Risk_Score,Loan_Customer,Credit_Score,Salary_Band,Customer_Segment
TXN000001,CUST8927,Aarav Sharma,Male,37,Savings,BR118,Connaught Place Branch,Kolkata,2024-02-18,12:27:25,Deposit,POS,57718.16,235376.92,293095.08,E-commerce,Success,Desktop,No,4,No,567,6-10 LPA,HNI
TXN000002,CUST4086,Pooja Yadav,Female,64,Savings,BR114,Connaught Place Branch,Delhi,2024-05-08,16:59:40,Payment,Mobile Banking,41484.39,257019.04,215534.65,Education,Pending,Tablet,Yes,34,Yes,305,6-10 LPA,HNI
TXN000003,CUST3654,Karan Malhotra,Male,52,Current,BR110,Banjara Hills Branch,Ahmedabad,2024-04-11,17:32:28,Withdrawal,POS,47379.38,313817.42,266438.04,Utilities,Success,Desktop,No,5,No,868,0-3 LPA,HNI
TXN000004,CUST8245,Aditya Verma,Male,56,Savings,BR102,MG Road Branch,Kolkata,2024-01-06,05:19:43,Deposit,Internet Banking,60017.28,415266.99,475284.27,Retail,Success,Tablet,No,38,No,434,6-10 LPA,Retail
TXN000005,CUST3648,Priya Nair,Female,63,Savings,BR116,Fort Branch,Mumbai,2025-09-10,18:13:57,Transfer,UPI,81484.66,194847.37,276332.03,Grocery,Failed,iPhone,No,90,No,836,6-10 LPA,Premium
TXN000006,CUST9905,Aarav Sharma,Male,58,Current,BR104,MG Road Branch,Bengaluru,2025-02-03,23:41:02,Withdrawal,POS,66081.13,295921.67,229840.54,Dining,Pending,Android,Yes,86,Yes,540,0-3 LPA,Retail
TXN000007,CUST9184,Aarav Sharma,Male,56,Current,BR101,Connaught Place Branch,Hyderabad,2025-04-17,07:14:19,Transfer,Internet Banking,67462.06,47874.87,115336.93,Retail,Pending,Android,No,81,No,544,0-3 LPA,Retail
TXN000008,CUST2055,Rohan Joshi,Male,62,Savings,BR116,Fort Branch,Bengaluru,2024-11-18,05:13:26,Transfer,POS,28868.7,378374.92,407243.62,Travel,Failed,Tablet,Yes,69,Yes,694,20+ LPA,Premium
TXN000009,CUST5011,Neha Singh,Female,34,Savings,BR117,Connaught Place Branch,Pune,2025-10-03,02:58:50,Transfer,Internet Banking,95320.68,13031.27,108351.95,E-commerce,Failed,Android,No,70,No,394,6-10 LPA,Premium
TXN000010,CUST1187,Nikhil Chavan,Male,27,Savings,BR114,Banjara Hills Branch,Delhi,2024-11-30,18:47:08,Deposit,UPI,86957.88,131072.97,218030.85,Retail,Success,Android,Yes,14,Yes,645,6-10 LPA,Retail
TXN000011,CUST6105,Neha Singh,Female,52,Current,BR114,Fort Branch,Mumbai,2024-07-07,20:52:33,Withdrawal,Branch,2795.85,265233.75,262437.9,Travel,Success,Tablet,No,36,Yes,850,0-3 LPA,HNI
TXN000012,CUST3591,Siddharth Rao,Male,32,Savings,BR106,Shivajinagar Branch,Pune,2025-06-09,13:31:30,Transfer,ATM,23084.11,198534.05,221618.16,E-commerce,Success,Desktop,Yes,15,No,518,3-6 LPA,Premium
TXN000013,CUST5431,Priya Nair,Female,24,Savings,BR120,MG Road Branch,Bengaluru,2024-12-14,05:26:47,Transfer,Mobile Banking,799.33,321525.42,322324.75,Dining,Success,Tablet,No,52,Yes,302,10-20 LPA,Premium
TXN000014,CUST7983,Ishita Jain,Female,27,Current,BR118,Fort Branch,Chennai,2025-06-04,04:20:22,Deposit,Mobile Banking,12507.69,326524.89,339032.58,Healthcare,Pending,iPhone,Yes,49,No,501,6-10 LPA,HNI
TXN000015,CUST8405,Rahul Mehta,Male,22,Savings,BR111,Fort Branch,Chennai,2025-08-20,04:56:58,Transfer,POS,62724.96,146332.91,209057.87,Retail,Pending,Desktop,No,40,No,883,0-3 LPA,Corporate
TXN000016,CUST5467,Arjun Deshmukh,Male,62,Current,BR113,Shivajinagar Branch,Chennai,2025-05-22,07:27:31,Withdrawal,ATM,97964.42,367170.91,269206.49,Education,Success,Android,Yes,78,Yes,591,10-20 LPA,Corporate
TXN000017,CUST5141,Aditi Mishra,Female,39,Savings,BR119,Shivajinagar Branch,Chennai,2025-03-10,23:31:29,Deposit,UPI,88304.37,320817.85,409122.22,Travel,Pending,iPhone,No,90,Yes,771,0-3 LPA,Premium
TXN000018,CUST2889,Aditi Mishra,Female,58,Savings,BR109,Shivajinagar Branch,Hyderabad,2024-09-29,02:42:26,Withdrawal,POS,50957.6,259009.71,208052.11,Travel,Failed,Tablet,Yes,75,No,726,6-10 LPA,Retail
TXN000019,CUST8133,Ananya Gupta,Female,31,Current,BR116,MG Road Branch,Ahmedabad,2024-03-17,11:17:57,Transfer,ATM,57729.27,439004.55,496733.82,E-commerce,Success,Tablet,No,53,Yes,688,6-10 LPA,Corporate
TXN000020,CUST6417,Priya Nair,Female,27,Savings,BR104,Banjara Hills Branch,Bengaluru,2025-06-30,21:11:57,Payment,ATM,64627.99,220512,155884.01,Dining,Success,Tablet,Yes,70,Yes,796,10-20 LPA,HNI
TXN000021,CUST8657,Sneha Kulkarni,Female,27,Savings,BR102,MG Road Branch,Pune,2024-11-08,02:56:24,Transfer,Internet Banking,27349.66,498112.66,525462.32,Grocery,Pending,iPhone,No,95,No,695,6-10 LPA,HNI
TXN000022,CUST4865,Vikram Reddy,Male,26,Current,BR117,MG Road Branch,Kolkata,2024-06-30,01:48:20,Transfer,Branch,75875.02,437807.33,513682.35,Utilities,Pending,Desktop,No,68,Yes,695,20+ LPA,Retail
TXN000023,CUST9541,Priya Nair,Female,65,Current,BR119,Shivajinagar Branch,Hyderabad,2025-12-31,02:51:12,Transfer,Mobile Banking,77679.51,224808.74,302488.25,Utilities,Failed,Tablet,Yes,8,No,681,3-6 LPA,HNI
TXN000024,CUST3330,Rohan Joshi,Male,47,Savings,BR104,MG Road Branch,Hyderabad,2024-05-24,03:28:47,Deposit,ATM,46855.76,151325.95,198181.71,Utilities,Success,Tablet,No,54,Yes,703,10-20 LPA,Premium
TXN000025,CUST4568,Arjun Deshmukh,Male,57,Savings,BR114,Fort Branch,Mumbai,2025-08-13,09:51:39,Deposit,UPI,85718.25,208422.05,294140.3,Healthcare,Failed,Tablet,No,64,Yes,697,10-20 LPA,Corporate
TXN000026,CUST9879,Aditi Mishra,Female,32,Current,BR109,Connaught Place Branch,Pune,2024-07-30,22:41:12,Payment,POS,28670.46,230111.42,201440.96,Healthcare,Pending,Desktop,No,48,Yes,348,0-3 LPA,Corporate
TXN000027,CUST3797,Karan Malhotra,Male,56,Savings,BR114,Connaught Place Branch,Chennai,2024-10-05,06:01:48,Payment,POS,59676.03,168437.71,108761.68,Utilities,Success,iPhone,No,84,Yes,465,20+ LPA,HNI
TXN000028,CUST6819,Arjun Deshmukh,Male,37,Current,BR113,MG Road Branch,Chennai,2025-06-25,04:30:25,Withdrawal,Mobile Banking,33653.56,47577.75,13924.19,Dining,Pending,iPhone,No,82,Yes,847,3-6 LPA,Corporate
TXN000029,CUST7835,Pooja Yadav,Female,23,Current,BR108,Connaught Place Branch,Ahmedabad,2024-03-09,12:56:35,Payment,Internet Banking,68858.04,147533.64,78675.6,Utilities,Failed,Desktop,No,13,Yes,695,10-20 LPA,Corporate
TXN000030,CUST5304,Aditya Verma,Male,22,Current,BR113,Banjara Hills Branch,Bengaluru,2025-05-17,04:16:04,Payment,POS,94210.46,490419.5,396209.04,Healthcare,Success,Android,Yes,84,Yes,409,0-3 LPA,Retail
TXN000031,CUST1053,Sneha Kulkarni,Female,37,Savings,BR107,Fort Branch,Bengaluru,2025-07-21,10:02:14,Transfer,ATM,40028.94,8094.67,48123.61,E-commerce,Success,Tablet,No,50,No,559,6-10 LPA,Retail
TXN000032,CUST6259,Pooja Yadav,Female,37,Savings,BR104,Fort Branch,Delhi,2024-02-23,00:46:07,Transfer,Branch,4770.58,122797.31,127567.89,Utilities,Pending,Desktop,No,64,No,872,3-6 LPA,HNI
TXN000033,CUST3616,Arjun Deshmukh,Male,27,Savings,BR106,Fort Branch,Pune,2025-08-14,16:30:01,Withdrawal,ATM,38061.12,454565.04,416503.92,Grocery,Pending,iPhone,No,42,Yes,815,6-10 LPA,Corporate
TXN000034,CUST8993,Karan Malhotra,Male,61,Savings,BR118,MG Road Branch,Bengaluru,2024-05-06,12:16:33,Payment,Mobile Banking,59815.34,119425.02,59609.68,E-commerce,Pending,Desktop,Yes,77,Yes,842,0-3 LPA,HNI
TXN000035,CUST4830,Meera Kapoor,Female,41,Current,BR104,Shivajinagar Branch,Pune,2025-03-22,23:19:37,Deposit,ATM,74916.23,21370.69,96286.92,Utilities,Failed,Android,No,37,Yes,437,3-6 LPA,Premium
TXN000036,CUST5485,Tanvi Patil,Female,49,Savings,BR102,Connaught Place Branch,Hyderabad,2024-09-07,10:57:37,Payment,ATM,89150.71,237229.1,148078.39,Utilities,Pending,iPhone,No,51,No,627,3-6 LPA,Retail
TXN000037,CUST3964,Aditi Mishra,Female,29,Savings,BR105,Shivajinagar Branch,Ahmedabad,2024-03-20,17:02:44,Withdrawal,Internet Banking,28565.72,111711.42,83145.7,Retail,Failed,Android,Yes,16,No,337,10-20 LPA,Retail
TXN000038,CUST4793,Kavya Iyer,Female,60,Current,BR109,Shivajinagar Branch,Hyderabad,2024-04-29,03:02:55,Transfer,UPI,21801.92,268053.88,289855.8,Dining,Failed,iPhone,No,48,Yes,484,20+ LPA,Retail
TXN000039,CUST7852,Ishita Jain,Female,57,Current,BR111,MG Road Branch,Ahmedabad,2025-07-29,00:13:29,Transfer,Internet Banking,40442.22,203182.67,243624.89,Dining,Failed,Tablet,No,51,No,814,3-6 LPA,Retail
TXN000040,CUST9693,Neha Singh,Female,46,Savings,BR102,Fort Branch,Chennai,2024-10-31,16:41:11,Transfer,Internet Banking,69666.92,342109.4,411776.32,Retail,Failed,Desktop,No,7,No,848,20+ LPA,Corporate
TXN000041,CUST1318,Neha Singh,Female,60,Current,BR107,MG Road Branch,Chennai,2024-03-31,11:19:29,Transfer,Branch,39422.79,365236.63,404659.42,Education,Success,Desktop,No,100,No,528,3-6 LPA,Premium
TXN000042,CUST8517,Vivaan Patel,Male,27,Savings,BR111,Connaught Place Branch,Hyderabad,2024-08-13,17:21:47,Deposit,Mobile Banking,98504.65,149265.51,247770.16,Utilities,Success,Desktop,No,12,Yes,313,10-20 LPA,Corporate
TXN000043,CUST1245,Aarav Sharma,Male,27,Savings,BR110,MG Road Branch,Kolkata,2024-01-20,12:13:28,Payment,UPI,58294.93,443409.33,385114.4,Grocery,Failed,iPhone,No,1,Yes,506,3-6 LPA,Premium
TXN000044,CUST4508,Priya Nair,Female,48,Savings,BR118,Banjara Hills Branch,Bengaluru,2025-05-16,06:33:37,Deposit,UPI,29196.94,287193.22,316390.16,Utilities,Success,Tablet,No,12,Yes,820,0-3 LPA,Corporate
TXN000045,CUST2991,Vivaan Patel,Male,33,Current,BR105,Connaught Place Branch,Kolkata,2024-10-12,05:26:57,Transfer,UPI,5671.73,367199.23,372870.96,Grocery,Success,iPhone,Yes,1,No,584,0-3 LPA,HNI
TXN000046,CUST6727,Pooja Yadav,Female,45,Savings,BR103,Shivajinagar Branch,Chennai,2024-03-12,12:29:06,Deposit,UPI,48227.89,265802.93,314030.82,Grocery,Failed,Android,No,44,No,668,0-3 LPA,HNI
TXN000047,CUST4535,Aditi Mishra,Female,40,Current,BR111,Shivajinagar Branch,Pune,2025-05-05,09:00:47,Deposit,Internet Banking,95451.75,354923.77,450375.52,Grocery,Success,iPhone,Yes,48,Yes,876,10-20 LPA,Corporate
TXN000048,CUST2130,Vikram Reddy,Male,53,Current,BR111,MG Road Branch,Kolkata,2024-02-21,11:43:05,Transfer,Internet Banking,33019.24,172774.2,205793.44,Grocery,Success,Desktop,Yes,34,Yes,384,10-20 LPA,Retail
TXN000049,CUST7946,Neha Singh,Female,45,Current,BR115,Shivajinagar Branch,Ahmedabad,2025-06-09,15:57:55,Withdrawal,Mobile Banking,78694.57,302644.25,223949.68,Grocery,Pending,iPhone,No,20,No,605,20+ LPA,Premium
TXN000050,CUST2908,Ananya Gupta,Female,31,Current,BR117,Banjara Hills Branch,Ahmedabad,2024-03-08,02:56:51,Withdrawal,Mobile Banking,9263.39,239690.03,230426.64,Dining,Success,Tablet,Yes,10,Yes,365,10-20 LPA,Premium
TXN000051,CUST3422,Rohan Joshi,Male,64,Savings,BR119,Shivajinagar Branch,Bengaluru,2025-11-20,23:20:50,Deposit,UPI,73365.25,377344.54,450709.79,Dining,Success,Tablet,No,13,No,716,0-3 LPA,Retail
TXN000052,CUST6442,Pooja Yadav,Female,50,Savings,BR101,Connaught Place Branch,Bengaluru,2025-11-26,19:13:13,Deposit,POS,56615.26,172828.65,229443.91,Utilities,Failed,Desktop,No,62,Yes,662,10-20 LPA,Retail
TXN000053,CUST4962,Kavya Iyer,Female,55,Current,BR109,Fort Branch,Bengaluru,2024-07-27,20:54:36,Payment,Mobile Banking,79002.24,429570.22,350567.98,Retail,Pending,Desktop,Yes,72,Yes,425,3-6 LPA,HNI
TXN000054,CUST9214,Priya Nair,Female,28,Savings,BR113,Banjara Hills Branch,Kolkata,2024-12-22,08:25:23,Withdrawal,Branch,92097.05,470397.42,378300.37,Education,Pending,Desktop,No,71,No,786,20+ LPA,Corporate
TXN000055,CUST4868,Ananya Gupta,Female,62,Current,BR105,Connaught Place Branch,Mumbai,2025-09-11,23:41:58,Payment,POS,72979.88,197523.64,124543.76,Healthcare,Failed,Tablet,No,97,No,391,0-3 LPA,HNI
TXN000056,CUST7894,Vikram Reddy,Male,31,Savings,BR107,Connaught Place Branch,Ahmedabad,2025-12-31,14:24:28,Transfer,UPI,86427.64,161395.48,247823.12,E-commerce,Pending,Tablet,No,27,No,798,6-10 LPA,HNI
TXN000057,CUST9617,Sneha Kulkarni,Female,60,Current,BR118,Banjara Hills Branch,Mumbai,2024-07-11,08:33:35,Deposit,UPI,69293.49,278946.38,348239.87,E-commerce,Success,iPhone,No,66,No,894,20+ LPA,Premium
TXN000058,CUST7403,Tanvi Patil,Female,54,Current,BR107,MG Road Branch,Mumbai,2025-06-24,09:37:14,Payment,Branch,83862.91,350792.73,266929.82,Education,Failed,Desktop,No,33,No,685,0-3 LPA,Premium
TXN000059,CUST7260,Priya Nair,Female,64,Current,BR101,Banjara Hills Branch,Ahmedabad,2024-09-16,04:21:02,Payment,ATM,86188.08,274068.59,187880.51,Education,Failed,Android,Yes,57,No,552,6-10 LPA,HNI
TXN000060,CUST4905,Ananya Gupta,Female,37,Current,BR102,Shivajinagar Branch,Pune,2024-09-15,20:03:18,Deposit,POS,66476.18,329181.18,395657.36,Utilities,Success,iPhone,No,70,Yes,595,6-10 LPA,HNI
TXN000061,CUST5208,Sneha Kulkarni,Female,49,Savings,BR107,Connaught Place Branch,Pune,2025-09-24,01:05:57,Payment,Branch,86354.99,469459.88,383104.89,Dining,Success,Desktop,No,29,Yes,417,20+ LPA,Retail
TXN000062,CUST5089,Vikram Reddy,Male,44,Savings,BR113,MG Road Branch,Ahmedabad,2024-01-24,02:02:01,Deposit,Branch,98497.55,81940.18,180437.73,E-commerce,Failed,Android,No,21,Yes,887,6-10 LPA,Retail
TXN000063,CUST3164,Nikhil Chavan,Male,43,Savings,BR108,Connaught Place Branch,Chennai,2025-08-01,05:31:39,Payment,UPI,98650.63,51995.73,0,Travel,Pending,Desktop,Yes,36,No,593,20+ LPA,Corporate
TXN000064,CUST9468,Neha Singh,Female,23,Savings,BR102,Connaught Place Branch,Bengaluru,2024-10-20,08:16:34,Transfer,POS,36562.73,9565.8,46128.53,Dining,Failed,Android,No,44,Yes,662,3-6 LPA,Premium
TXN000065,CUST5192,Neha Singh,Female,42,Current,BR112,Shivajinagar Branch,Hyderabad,2025-01-06,02:00:15,Payment,POS,8770.16,85775.05,77004.89,Dining,Pending,Tablet,No,70,Yes,382,0-3 LPA,Premium
TXN000066,CUST9035,Ananya Gupta,Female,32,Savings,BR107,MG Road Branch,Hyderabad,2024-02-19,11:37:32,Transfer,Mobile Banking,56017.03,476548.47,532565.5,Dining,Success,iPhone,Yes,72,Yes,585,20+ LPA,Retail
TXN000067,CUST5864,Sneha Kulkarni,Female,64,Current,BR103,Shivajinagar Branch,Chennai,2024-02-03,00:55:10,Transfer,Internet Banking,41955.34,315729.1,357684.44,Utilities,Success,Desktop,No,81,Yes,843,10-20 LPA,Corporate
TXN000068,CUST6763,Aditya Verma,Male,51,Current,BR119,Connaught Place Branch,Hyderabad,2024-08-17,12:01:22,Transfer,POS,1202.82,481348.87,482551.69,Utilities,Success,Android,No,50,Yes,514,20+ LPA,Retail
TXN000069,CUST5276,Ananya Gupta,Female,33,Savings,BR101,Banjara Hills Branch,Mumbai,2024-05-23,16:36:08,Withdrawal,ATM,89075.6,206200.12,117124.52,Dining,Failed,Desktop,Yes,44,Yes,661,10-20 LPA,Premium
TXN000070,CUST6354,Nikhil Chavan,Male,45,Savings,BR117,Shivajinagar Branch,Hyderabad,2024-07-18,07:59:37,Transfer,POS,57839.77,270656.48,328496.25,Healthcare,Pending,Android,No,17,Yes,474,6-10 LPA,HNI
TXN000071,CUST4341,Karan Malhotra,Male,25,Current,BR111,Fort Branch,Pune,2025-05-29,11:47:55,Withdrawal,ATM,4612.88,267951.83,263338.95,Healthcare,Success,iPhone,No,80,Yes,507,6-10 LPA,Premium
TXN000072,CUST3093,Rohan Joshi,Male,52,Current,BR101,Banjara Hills Branch,Mumbai,2024-01-31,01:50:46,Withdrawal,Internet Banking,60464.44,261184.21,200719.77,Travel,Failed,Desktop,No,3,Yes,672,6-10 LPA,Corporate
TXN000073,CUST1957,Pooja Yadav,Female,33,Savings,BR115,MG Road Branch,Chennai,2024-08-08,18:32:09,Withdrawal,UPI,72987.28,20085.25,0,Travel,Success,iPhone,No,67,Yes,348,0-3 LPA,Corporate
TXN000074,CUST8574,Aarav Sharma,Male,63,Current,BR101,Banjara Hills Branch,Hyderabad,2025-04-09,22:43:15,Deposit,Branch,12001.52,487411.36,499412.88,E-commerce,Pending,Desktop,No,81,Yes,818,6-10 LPA,HNI
TXN000075,CUST4662,Tanvi Patil,Female,59,Current,BR106,MG Road Branch,Chennai,2024-02-09,17:43:10,Withdrawal,Mobile Banking,78077.28,22816.11,0,Utilities,Failed,Tablet,No,92,Yes,563,10-20 LPA,Corporate
TXN000076,CUST8422,Vivaan Patel,Male,27,Savings,BR105,MG Road Branch,Hyderabad,2024-09-03,08:14:00,Payment,POS,10193.61,418602.95,408409.34,Dining,Success,Android,No,19,Yes,373,3-6 LPA,Corporate
TXN000077,CUST6482,Ananya Gupta,Female,34,Savings,BR106,MG Road Branch,Kolkata,2025-06-23,15:01:21,Withdrawal,UPI,15349.48,198123.51,182774.03,Retail,Success,Desktop,No,91,No,854,20+ LPA,Corporate
TXN000078,CUST3910,Vikram Reddy,Male,22,Savings,BR116,Connaught Place Branch,Delhi,2025-07-29,12:34:09,Deposit,Mobile Banking,14932.33,273174.45,288106.78,Utilities,Success,Tablet,No,19,Yes,607,10-20 LPA,HNI
TXN000079,CUST9022,Rahul Mehta,Male,55,Current,BR111,Connaught Place Branch,Chennai,2025-01-31,02:19:50,Payment,Mobile Banking,90971.82,191642.58,100670.76,Education,Failed,Desktop,No,65,Yes,771,20+ LPA,HNI
TXN000080,CUST2732,Karan Malhotra,Male,40,Current,BR109,Shivajinagar Branch,Kolkata,2025-03-11,06:45:25,Payment,POS,63055.2,222495.58,159440.38,Grocery,Failed,Android,Yes,48,Yes,407,0-3 LPA,Corporate
TXN000081,CUST1090,Siddharth Rao,Male,25,Current,BR119,Shivajinagar Branch,Delhi,2024-10-30,03:08:42,Payment,Internet Banking,26650.58,199140.46,172489.88,Grocery,Success,Desktop,No,14,No,493,3-6 LPA,HNI
TXN000082,CUST1382,Vikram Reddy,Male,60,Current,BR120,Connaught Place Branch,Chennai,2025-11-25,23:46:15,Transfer,Mobile Banking,24962.17,303853.27,328815.44,E-commerce,Failed,iPhone,No,23,Yes,355,20+ LPA,Corporate
TXN000083,CUST8564,Siddharth Rao,Male,28,Savings,BR107,MG Road Branch,Chennai,2025-06-19,16:16:10,Payment,UPI,81861.2,190371.15,108509.95,Travel,Success,Android,No,56,Yes,698,0-3 LPA,Retail
TXN000084,CUST8527,Kavya Iyer,Female,52,Savings,BR105,Fort Branch,Pune,2025-12-19,23:50:14,Withdrawal,Branch,43714.49,189027.33,145312.84,Utilities,Pending,iPhone,No,73,Yes,769,20+ LPA,Premium
TXN000085,CUST8947,Karan Malhotra,Male,56,Current,BR106,Banjara Hills Branch,Delhi,2025-09-11,10:34:49,Payment,POS,69621.47,379350.3,309728.83,E-commerce,Success,iPhone,No,55,No,372,10-20 LPA,Corporate
TXN000086,CUST5201,Arjun Deshmukh,Male,43,Savings,BR110,MG Road Branch,Hyderabad,2025-07-13,22:24:02,Transfer,Internet Banking,20860.19,140344.89,161205.08,Education,Failed,Tablet,No,57,Yes,558,3-6 LPA,HNI
TXN000087,CUST6144,Sneha Kulkarni,Female,39,Savings,BR117,Fort Branch,Chennai,2024-10-06,12:59:52,Withdrawal,POS,64828.75,92455.39,27626.64,E-commerce,Pending,Desktop,No,5,No,583,20+ LPA,Premium
TXN000088,CUST4828,Sneha Kulkarni,Female,36,Savings,BR102,Banjara Hills Branch,Hyderabad,2025-10-20,04:27:11,Deposit,Branch,7209.31,214499.84,221709.15,Utilities,Success,Desktop,No,50,Yes,479,6-10 LPA,Retail
TXN000089,CUST2247,Ananya Gupta,Female,57,Savings,BR114,Connaught Place Branch,Ahmedabad,2025-05-07,00:50:53,Transfer,POS,9841.71,335970.22,345811.93,Healthcare,Success,Tablet,Yes,15,No,539,20+ LPA,Corporate
TXN000090,CUST7400,Siddharth Rao,Male,49,Savings,BR102,MG Road Branch,Hyderabad,2025-02-20,19:51:26,Payment,UPI,43309.22,243776.12,200466.9,Grocery,Failed,Android,Yes,67,No,382,0-3 LPA,Retail
TXN000091,CUST2054,Kavya Iyer,Female,29,Current,BR101,Connaught Place Branch,Mumbai,2025-05-11,21:55:53,Payment,POS,42002.45,140915.42,98912.97,Healthcare,Success,Desktop,No,62,Yes,676,0-3 LPA,Corporate
TXN000092,CUST9351,Ananya Gupta,Female,46,Current,BR107,Fort Branch,Chennai,2024-08-10,17:16:40,Withdrawal,Mobile Banking,61175.41,235433.8,174258.39,Education,Failed,iPhone,No,82,Yes,459,6-10 LPA,HNI
TXN000093,CUST3205,Aarav Sharma,Male,25,Savings,BR120,Banjara Hills Branch,Mumbai,2025-08-07,08:49:37,Withdrawal,UPI,56265.51,255589.23,199323.72,Healthcare,Pending,iPhone,No,45,No,605,20+ LPA,HNI
TXN000094,CUST2277,Neha Singh,Female,53,Savings,BR107,Fort Branch,Ahmedabad,2025-04-23,07:58:47,Withdrawal,Branch,96556.43,221785.11,125228.68,Healthcare,Pending,Tablet,No,92,No,836,10-20 LPA,HNI
TXN000095,CUST8071,Pooja Yadav,Female,63,Savings,BR118,MG Road Branch,Bengaluru,2024-09-02,04:50:59,Transfer,UPI,73686.15,210968.26,284654.41,Education,Pending,Android,No,67,Yes,541,10-20 LPA,HNI
TXN000096,CUST1224,Karan Malhotra,Male,21,Savings,BR119,Banjara Hills Branch,Ahmedabad,2024-08-23,23:31:13,Payment,UPI,47106.85,470759.95,423653.1,Dining,Success,Android,No,47,Yes,636,20+ LPA,HNI
TXN000097,CUST6503,Karan Malhotra,Male,39,Savings,BR119,Connaught Place Branch,Kolkata,2025-08-28,05:34:25,Payment,Mobile Banking,1358.32,289840.21,288481.89,Healthcare,Success,Android,No,39,No,418,3-6 LPA,HNI
TXN000098,CUST6893,Meera Kapoor,Female,33,Savings,BR119,Fort Branch,Delhi,2025-02-24,17:48:40,Payment,Internet Banking,68199.89,180855.81,112655.92,Utilities,Pending,iPhone,No,83,No,716,6-10 LPA,HNI
TXN000099,CUST5911,Aditya Verma,Male,47,Current,BR108,Shivajinagar Branch,Mumbai,2025-07-19,14:34:02,Transfer,UPI,89783.4,419168.09,508951.49,Retail,Failed,iPhone,Yes,70,No,519,6-10 LPA,Premium
TXN000100,CUST1664,Rohan Joshi,Male,63,Savings,BR103,Shivajinagar Branch,Chennai,2024-02-08,21:37:44,Deposit,ATM,53595.68,103423.65,157019.33,Education,Pending,Tablet,No,19,No,545,20+ LPA,HNI
TXN000101,CUST3536,Nikhil Chavan,Male,28,Savings,BR116,Shivajinagar Branch,Chennai,2024-02-03,09:23:17,Payment,POS,65391.51,164450.4,99058.89,Healthcare,Success,Desktop,No,20,No,698,20+ LPA,Premium
TXN000102,CUST7461,Karan Malhotra,Male,40,Current,BR120,MG Road Branch,Hyderabad,2025-10-06,11:58:16,Transfer,Mobile Banking,45946.36,295800.71,341747.07,Grocery,Success,Tablet,No,9,No,833,3-6 LPA,Retail
TXN000103,CUST7502,Vikram Reddy,Male,46,Current,BR112,Banjara Hills Branch,Hyderabad,2025-04-04,17:26:38,Transfer,ATM,10343.66,459102.74,469446.4,Education,Pending,Android,No,66,No,641,0-3 LPA,Corporate
TXN000104,CUST7260,Kavya Iyer,Female,62,Current,BR102,Banjara Hills Branch,Delhi,2024-12-13,16:12:40,Deposit,ATM,52062.56,142767.16,194829.72,Healthcare,Failed,Desktop,Yes,55,Yes,397,20+ LPA,Corporate
TXN000105,CUST5273,Kavya Iyer,Female,32,Savings,BR107,Banjara Hills Branch,Bengaluru,2025-04-05,04:10:45,Payment,Branch,19234.61,36323.74,17089.13,Dining,Success,iPhone,No,82,Yes,689,20+ LPA,Premium
TXN000106,CUST4130,Priya Nair,Female,45,Savings,BR114,Shivajinagar Branch,Mumbai,2024-11-25,04:53:46,Payment,POS,70763.41,472313.1,401549.69,Travel,Pending,Android,No,30,Yes,327,0-3 LPA,Corporate
TXN000107,CUST4763,Sneha Kulkarni,Female,21,Savings,BR102,MG Road Branch,Delhi,2025-08-05,03:27:09,Transfer,POS,31980.31,277724.9,309705.21,Grocery,Pending,iPhone,Yes,39,No,685,6-10 LPA,Corporate
TXN000108,CUST6577,Ananya Gupta,Female,62,Savings,BR113,Shivajinagar Branch,Mumbai,2024-10-23,08:54:06,Withdrawal,ATM,58789.98,324205.6,265415.62,Utilities,Success,iPhone,Yes,44,Yes,440,0-3 LPA,HNI
TXN000109,CUST1611,Siddharth Rao,Male,27,Current,BR120,Connaught Place Branch,Mumbai,2024-09-16,03:41:54,Deposit,UPI,92788.48,302714.4,395502.88,Utilities,Failed,iPhone,No,16,Yes,799,6-10 LPA,Premium
TXN000110,CUST4508,Arjun Deshmukh,Male,55,Current,BR113,Banjara Hills Branch,Delhi,2024-08-25,14:57:01,Payment,UPI,20344.39,233424.3,213079.91,E-commerce,Success,Android,No,81,No,458,6-10 LPA,Premium
TXN000111,CUST7560,Vikram Reddy,Male,60,Current,BR106,Fort Branch,Bengaluru,2025-10-04,22:17:47,Deposit,Branch,56998.84,370214.18,427213.02,E-commerce,Failed,Desktop,No,1,Yes,617,3-6 LPA,Retail
TXN000112,CUST7906,Neha Singh,Female,29,Savings,BR116,MG Road Branch,Hyderabad,2025-01-16,20:57:01,Deposit,Mobile Banking,22484.44,348350.62,370835.06,Dining,Failed,iPhone,No,9,No,842,20+ LPA,HNI
TXN000113,CUST6161,Meera Kapoor,Female,36,Savings,BR117,Fort Branch,Ahmedabad,2024-07-18,05:28:27,Withdrawal,Internet Banking,83071.79,69039.43,0,Travel,Success,iPhone,Yes,81,No,619,0-3 LPA,Retail
TXN000114,CUST4056,Kavya Iyer,Female,33,Savings,BR101,Fort Branch,Bengaluru,2024-10-14,08:19:30,Transfer,Mobile Banking,19615.46,457757.96,477373.42,Travel,Pending,Tablet,No,86,No,303,20+ LPA,HNI
TXN000115,CUST3620,Vivaan Patel,Male,37,Savings,BR105,Connaught Place Branch,Delhi,2025-08-10,20:50:13,Deposit,Branch,25246.36,20692.78,45939.14,Healthcare,Pending,iPhone,No,43,No,871,3-6 LPA,Corporate
TXN000116,CUST1448,Meera Kapoor,Female,32,Current,BR108,Shivajinagar Branch,Bengaluru,2024-07-10,08:42:12,Transfer,Branch,26761.27,175929.92,202691.19,Education,Pending,Desktop,No,64,Yes,472,20+ LPA,Retail
TXN000117,CUST6685,Aarav Sharma,Male,42,Current,BR111,MG Road Branch,Chennai,2024-04-30,08:57:27,Deposit,UPI,70588.32,254106.73,324695.05,Education,Success,Android,No,64,No,447,6-10 LPA,HNI
TXN000118,CUST8955,Nikhil Chavan,Male,53,Current,BR110,Shivajinagar Branch,Ahmedabad,2024-02-29,00:29:45,Payment,Branch,73724.09,184969.43,111245.34,Healthcare,Success,Desktop,Yes,54,Yes,795,6-10 LPA,Corporate
TXN000119,CUST4007,Rahul Mehta,Male,60,Current,BR103,Fort Branch,Hyderabad,2025-03-14,05:39:24,Transfer,UPI,69465.95,337307.69,406773.64,Dining,Failed,iPhone,No,40,No,702,0-3 LPA,Corporate
TXN000120,CUST2665,Arjun Deshmukh,Male,50,Savings,BR119,Shivajinagar Branch,Kolkata,2024-08-02,09:09:25,Payment,Branch,29663.32,332857.05,303193.73,Travel,Failed,iPhone,No,15,No,357,10-20 LPA,Retail
TXN000121,CUST5663,Siddharth Rao,Male,23,Savings,BR101,Banjara Hills Branch,Kolkata,2025-08-12,09:03:17,Deposit,ATM,34179.36,121263.47,155442.83,Retail,Success,Tablet,Yes,74,No,859,0-3 LPA,HNI
TXN000122,CUST2666,Kavya Iyer,Female,54,Savings,BR115,Shivajinagar Branch,Pune,2024-01-21,06:53:29,Transfer,Branch,72176.91,297695.11,369872.02,Utilities,Failed,Desktop,No,82,Yes,541,6-10 LPA,HNI
TXN000123,CUST1210,Aditya Verma,Male,64,Savings,BR111,MG Road Branch,Hyderabad,2024-10-05,18:10:43,Withdrawal,Branch,1706.46,222503.69,220797.23,Retail,Pending,Android,No,57,No,838,3-6 LPA,Premium
TXN000124,CUST4537,Siddharth Rao,Male,54,Savings,BR113,MG Road Branch,Hyderabad,2024-01-11,12:55:59,Payment,ATM,46548.77,288033.37,241484.6,Grocery,Pending,Android,No,75,Yes,644,0-3 LPA,Premium
TXN000125,CUST4735,Arjun Deshmukh,Male,22,Current,BR101,Connaught Place Branch,Pune,2025-10-19,12:17:35,Payment,UPI,83422.89,459216.99,375794.1,Education,Pending,Desktop,Yes,79,No,527,3-6 LPA,Premium
TXN000126,CUST7139,Ananya Gupta,Female,37,Current,BR103,Fort Branch,Hyderabad,2025-06-03,12:08:21,Deposit,Mobile Banking,97996.8,166018.19,264014.99,Dining,Failed,Desktop,Yes,6,Yes,775,10-20 LPA,Retail
TXN000127,CUST3414,Ananya Gupta,Female,50,Current,BR120,Banjara Hills Branch,Kolkata,2024-04-19,01:09:39,Payment,POS,30743.24,112786.24,82043,Utilities,Success,iPhone,Yes,21,Yes,774,3-6 LPA,Corporate
TXN000128,CUST7288,Pooja Yadav,Female,35,Savings,BR101,Fort Branch,Chennai,2024-12-01,13:28:21,Payment,UPI,38285.06,84207.56,45922.5,E-commerce,Pending,Desktop,Yes,48,No,679,10-20 LPA,HNI
TXN000129,CUST3116,Priya Nair,Female,43,Savings,BR119,Connaught Place Branch,Hyderabad,2025-12-16,19:21:36,Transfer,UPI,64355.31,251011.91,315367.22,Dining,Pending,iPhone,No,84,Yes,551,0-3 LPA,Retail
TXN000130,CUST9715,Vikram Reddy,Male,28,Current,BR114,Connaught Place Branch,Delhi,2024-06-10,12:49:09,Withdrawal,POS,64792.57,16218.59,0,Education,Failed,Android,No,41,Yes,620,10-20 LPA,HNI
TXN000131,CUST8319,Siddharth Rao,Male,35,Savings,BR120,Connaught Place Branch,Kolkata,2024-06-19,19:52:10,Deposit,Branch,26449.83,325464.85,351914.68,Grocery,Success,Desktop,No,80,No,677,6-10 LPA,Retail
TXN000132,CUST8159,Sneha Kulkarni,Female,59,Savings,BR113,Connaught Place Branch,Hyderabad,2025-12-31,08:24:23,Payment,Internet Banking,82325.35,265330.09,183004.74,Healthcare,Failed,Desktop,No,2,No,484,3-6 LPA,Premium
TXN000133,CUST6594,Aditya Verma,Male,25,Current,BR120,MG Road Branch,Bengaluru,2024-09-06,18:13:32,Transfer,UPI,66197.13,174880.6,241077.73,Travel,Failed,iPhone,No,42,Yes,328,6-10 LPA,Premium
TXN000134,CUST8704,Meera Kapoor,Female,60,Savings,BR111,MG Road Branch,Hyderabad,2024-05-09,22:56:13,Payment,UPI,20895.11,26809.74,5914.63,Education,Pending,iPhone,No,5,Yes,465,20+ LPA,Premium
TXN000135,CUST6800,Rohan Joshi,Male,36,Current,BR113,Banjara Hills Branch,Mumbai,2025-01-29,07:26:01,Payment,Internet Banking,42897.93,157768.07,114870.14,Retail,Pending,Android,No,57,Yes,462,20+ LPA,Retail
TXN000136,CUST7476,Arjun Deshmukh,Male,33,Savings,BR115,Fort Branch,Kolkata,2025-03-05,13:37:15,Deposit,ATM,24981.66,290289.07,315270.73,Education,Failed,Tablet,No,62,No,509,0-3 LPA,Corporate
TXN000137,CUST5658,Sneha Kulkarni,Female,56,Current,BR112,Connaught Place Branch,Hyderabad,2025-08-20,01:44:06,Payment,POS,23882.29,435916.54,412034.25,Dining,Pending,iPhone,Yes,82,Yes,688,6-10 LPA,Corporate
TXN000138,CUST7695,Sneha Kulkarni,Female,47,Current,BR113,Banjara Hills Branch,Kolkata,2024-06-08,18:51:45,Withdrawal,UPI,84642.29,443712.97,359070.68,Healthcare,Success,Tablet,Yes,44,No,769,20+ LPA,Retail
TXN000139,CUST8412,Rahul Mehta,Male,64,Savings,BR119,Fort Branch,Kolkata,2024-10-01,03:40:16,Deposit,ATM,10509.27,390349.54,400858.81,Dining,Pending,Android,No,12,No,363,6-10 LPA,Corporate
TXN000140,CUST7607,Nikhil Chavan,Male,50,Savings,BR113,Fort Branch,Bengaluru,2025-09-18,05:01:29,Transfer,Branch,71039.66,115787.5,186827.16,Retail,Failed,Desktop,Yes,3,No,649,10-20 LPA,HNI
TXN000141,CUST7121,Arjun Deshmukh,Male,53,Savings,BR103,Banjara Hills Branch,Ahmedabad,2025-07-09,22:40:33,Transfer,POS,67320.96,38648.44,105969.4,Dining,Success,Desktop,No,91,No,312,0-3 LPA,HNI
TXN000142,CUST2697,Nikhil Chavan,Male,23,Current,BR102,Connaught Place Branch,Mumbai,2024-04-11,02:34:26,Payment,Branch,38830.67,472159.89,433329.22,Dining,Success,Desktop,Yes,4,No,534,20+ LPA,HNI
TXN000143,CUST4844,Nikhil Chavan,Male,51,Savings,BR118,Banjara Hills Branch,Delhi,2025-01-19,05:33:18,Withdrawal,ATM,97828.81,350888.16,253059.35,Dining,Failed,Android,No,88,Yes,352,6-10 LPA,Retail
TXN000144,CUST8837,Rohan Joshi,Male,47,Current,BR101,Connaught Place Branch,Bengaluru,2024-01-11,23:37:59,Payment,ATM,69610.52,244613.4,175002.88,Retail,Failed,iPhone,No,3,No,737,3-6 LPA,Corporate
TXN000145,CUST2014,Siddharth Rao,Male,46,Current,BR103,Fort Branch,Mumbai,2025-02-07,05:06:12,Transfer,Mobile Banking,91947.62,343606.33,435553.95,Retail,Success,Desktop,Yes,2,Yes,741,20+ LPA,HNI
TXN000146,CUST2526,Aditi Mishra,Female,46,Savings,BR101,Shivajinagar Branch,Hyderabad,2024-09-22,10:42:48,Payment,Mobile Banking,64407.08,326698.16,262291.08,E-commerce,Failed,Desktop,No,94,Yes,427,20+ LPA,Retail
TXN000147,CUST3763,Nikhil Chavan,Male,41,Current,BR107,Fort Branch,Hyderabad,2025-11-29,18:19:01,Transfer,ATM,22728.22,105879.64,128607.86,E-commerce,Pending,iPhone,Yes,8,No,764,6-10 LPA,Retail
TXN000148,CUST1848,Pooja Yadav,Female,65,Current,BR117,Connaught Place Branch,Kolkata,2024-02-01,16:26:28,Withdrawal,UPI,49217.89,183838.94,134621.05,Dining,Pending,Android,No,3,No,325,20+ LPA,Corporate
TXN000149,CUST6262,Nikhil Chavan,Male,65,Current,BR112,Connaught Place Branch,Mumbai,2024-02-22,17:29:41,Transfer,Branch,40471.5,217557.19,258028.69,Retail,Success,Desktop,No,41,Yes,395,20+ LPA,HNI
TXN000150,CUST5107,Ananya Gupta,Female,55,Savings,BR112,Banjara Hills Branch,Kolkata,2024-03-14,03:20:44,Transfer,Branch,74633.3,144114.1,218747.4,E-commerce,Pending,Desktop,No,23,No,582,3-6 LPA,HNI
TXN000151,CUST4078,Sneha Kulkarni,Female,34,Current,BR110,Shivajinagar Branch,Ahmedabad,2024-08-25,23:05:17,Deposit,Mobile Banking,37899.53,399596.6,437496.13,Grocery,Pending,Desktop,Yes,51,Yes,792,0-3 LPA,Retail
TXN000152,CUST9789,Siddharth Rao,Male,63,Savings,BR107,Shivajinagar Branch,Bengaluru,2025-03-29,17:08:42,Withdrawal,Mobile Banking,36492.19,204182,167689.81,Retail,Failed,Tablet,Yes,15,Yes,641,10-20 LPA,Premium
TXN000153,CUST9240,Pooja Yadav,Female,28,Current,BR118,Fort Branch,Bengaluru,2024-07-17,10:41:51,Withdrawal,ATM,63730.64,25795.67,0,E-commerce,Pending,Android,No,70,No,542,3-6 LPA,Corporate
TXN000154,CUST7632,Priya Nair,Female,37,Current,BR112,Fort Branch,Mumbai,2025-06-05,22:01:09,Transfer,ATM,29220.5,448664.99,477885.49,Travel,Success,Android,No,1,No,504,10-20 LPA,Corporate
TXN000155,CUST2496,Neha Singh,Female,48,Savings,BR103,Shivajinagar Branch,Bengaluru,2024-06-07,19:26:13,Transfer,Mobile Banking,56034.56,87022.1,143056.66,Dining,Success,Android,Yes,93,Yes,473,0-3 LPA,Premium
TXN000156,CUST4500,Nikhil Chavan,Male,56,Savings,BR116,Connaught Place Branch,Hyderabad,2025-04-12,05:50:57,Deposit,Branch,89372.7,178781.69,268154.39,Grocery,Failed,Android,Yes,79,No,768,6-10 LPA,Retail
TXN000157,CUST1409,Sneha Kulkarni,Female,55,Savings,BR114,Fort Branch,Hyderabad,2024-01-01,22:04:26,Transfer,POS,56635.58,99397.94,156033.52,Utilities,Success,Tablet,No,68,No,757,6-10 LPA,Premium
TXN000158,CUST2614,Arjun Deshmukh,Male,22,Savings,BR116,MG Road Branch,Ahmedabad,2024-12-24,18:50:01,Payment,Branch,26537.83,117442.83,90905,Dining,Failed,Desktop,No,39,Yes,631,20+ LPA,Corporate
TXN000159,CUST5645,Vikram Reddy,Male,47,Current,BR109,Banjara Hills Branch,Mumbai,2024-09-25,19:48:16,Withdrawal,Branch,50780.68,487934.81,437154.13,E-commerce,Success,Android,No,66,No,615,10-20 LPA,HNI
TXN000160,CUST3661,Karan Malhotra,Male,33,Current,BR116,MG Road Branch,Bengaluru,2025-04-16,21:29:44,Transfer,Branch,82983.47,179032.27,262015.74,Travel,Failed,iPhone,No,36,Yes,713,0-3 LPA,Retail
TXN000161,CUST1673,Aditya Verma,Male,48,Current,BR104,Fort Branch,Hyderabad,2025-05-10,09:12:04,Withdrawal,Mobile Banking,88151.51,186767.62,98616.11,Utilities,Pending,Desktop,No,28,Yes,445,0-3 LPA,Retail
TXN000162,CUST7268,Vikram Reddy,Male,61,Current,BR104,MG Road Branch,Pune,2025-04-20,00:49:58,Deposit,Branch,16527.81,335529.25,352057.06,Utilities,Success,iPhone,No,72,Yes,849,10-20 LPA,Retail
TXN000163,CUST2778,Rahul Mehta,Male,23,Savings,BR113,Fort Branch,Delhi,2024-11-01,15:18:06,Payment,POS,96701.69,76670.39,0,Retail,Failed,Desktop,No,74,No,883,0-3 LPA,Retail
TXN000164,CUST9539,Pooja Yadav,Female,50,Savings,BR111,Shivajinagar Branch,Pune,2025-10-28,18:15:45,Deposit,ATM,3808.68,169174.83,172983.51,Grocery,Success,Tablet,No,30,Yes,687,20+ LPA,Corporate
TXN000165,CUST2997,Priya Nair,Female,64,Savings,BR117,Connaught Place Branch,Hyderabad,2024-05-07,12:44:23,Transfer,Branch,1222.84,226857.67,228080.51,Education,Success,Desktop,No,84,Yes,666,0-3 LPA,Premium
TXN000166,CUST5166,Karan Malhotra,Male,63,Savings,BR101,Connaught Place Branch,Kolkata,2024-12-08,04:40:07,Payment,Mobile Banking,53394.81,476910.23,423515.42,E-commerce,Success,Tablet,No,73,No,576,0-3 LPA,Premium
TXN000167,CUST3127,Nikhil Chavan,Male,48,Current,BR104,Fort Branch,Chennai,2025-10-22,16:32:39,Deposit,Branch,54029.63,488238.31,542267.94,Retail,Failed,Desktop,No,95,No,340,3-6 LPA,Premium
TXN000168,CUST8549,Tanvi Patil,Female,23,Current,BR109,MG Road Branch,Kolkata,2024-07-13,11:21:38,Deposit,POS,75491.55,390609.04,466100.59,Healthcare,Pending,Tablet,No,90,No,757,3-6 LPA,Retail
TXN000169,CUST5405,Aarav Sharma,Male,51,Savings,BR118,Connaught Place Branch,Delhi,2024-01-21,14:12:24,Withdrawal,Internet Banking,95260.83,132360.12,37099.29,Travel,Pending,Tablet,No,77,Yes,408,10-20 LPA,Retail
TXN000170,CUST6212,Neha Singh,Female,45,Current,BR108,Banjara Hills Branch,Hyderabad,2024-06-22,09:28:47,Withdrawal,POS,98990.04,386513.6,287523.56,E-commerce,Success,iPhone,No,28,Yes,520,20+ LPA,Retail
TXN000171,CUST1772,Tanvi Patil,Female,59,Savings,BR120,Fort Branch,Kolkata,2024-11-16,19:51:40,Withdrawal,POS,92920.62,272007.3,179086.68,Retail,Failed,iPhone,Yes,57,Yes,610,3-6 LPA,HNI
TXN000172,CUST1361,Karan Malhotra,Male,43,Savings,BR118,Shivajinagar Branch,Kolkata,2024-04-25,19:42:26,Payment,Internet Banking,30715.65,417286.46,386570.81,Dining,Failed,Desktop,No,11,Yes,355,0-3 LPA,Retail
TXN000173,CUST3101,Nikhil Chavan,Male,56,Current,BR118,Shivajinagar Branch,Kolkata,2024-04-20,07:47:36,Withdrawal,Branch,25219.92,19334.25,0,Grocery,Failed,Android,No,51,Yes,891,0-3 LPA,Retail
TXN000174,CUST5493,Aarav Sharma,Male,55,Current,BR115,Fort Branch,Mumbai,2024-01-31,03:51:48,Withdrawal,POS,89277.61,89115.88,0,Dining,Success,Desktop,No,13,No,703,10-20 LPA,Corporate
TXN000175,CUST6699,Tanvi Patil,Female,64,Current,BR117,Banjara Hills Branch,Bengaluru,2025-06-12,04:52:56,Transfer,Internet Banking,59971.18,265723.75,325694.93,Utilities,Failed,Desktop,Yes,61,Yes,678,0-3 LPA,HNI
TXN000176,CUST7753,Nikhil Chavan,Male,29,Current,BR119,Connaught Place Branch,Mumbai,2024-03-05,02:37:30,Deposit,UPI,17251.8,251691.18,268942.98,Travel,Failed,Android,No,67,No,513,20+ LPA,Corporate
TXN000177,CUST8815,Kavya Iyer,Female,57,Savings,BR101,Fort Branch,Mumbai,2025-05-03,17:04:25,Withdrawal,Branch,68642.27,125575.89,56933.62,Education,Failed,Desktop,Yes,69,No,323,20+ LPA,Corporate
TXN000178,CUST3148,Neha Singh,Female,56,Savings,BR104,Connaught Place Branch,Delhi,2025-01-19,18:01:30,Payment,UPI,39343.33,493212.29,453868.96,Education,Failed,Tablet,No,82,Yes,752,6-10 LPA,Premium
TXN000179,CUST2818,Ananya Gupta,Female,63,Savings,BR111,Shivajinagar Branch,Pune,2024-02-20,15:33:07,Transfer,POS,49559.35,370786.89,420346.24,Retail,Success,Desktop,No,69,Yes,849,10-20 LPA,Corporate
TXN000180,CUST9714,Nikhil Chavan,Male,62,Savings,BR116,Connaught Place Branch,Hyderabad,2025-11-07,23:17:44,Transfer,Internet Banking,72227.02,142906.59,215133.61,Dining,Pending,Tablet,Yes,17,No,651,3-6 LPA,Retail
TXN000181,CUST2796,Tanvi Patil,Female,46,Savings,BR106,Banjara Hills Branch,Hyderabad,2025-03-16,00:02:24,Payment,UPI,66583.91,239656.12,173072.21,Retail,Failed,iPhone,No,88,Yes,885,6-10 LPA,Retail
TXN000182,CUST2167,Aditi Mishra,Female,57,Savings,BR110,MG Road Branch,Bengaluru,2025-06-21,08:16:52,Transfer,Mobile Banking,13671.06,385385.73,399056.79,E-commerce,Pending,Android,No,11,Yes,646,6-10 LPA,Corporate
TXN000183,CUST9117,Vikram Reddy,Male,53,Savings,BR109,Connaught Place Branch,Chennai,2024-08-21,23:47:53,Transfer,Mobile Banking,82310.54,237992.33,320302.87,E-commerce,Failed,iPhone,No,78,Yes,642,0-3 LPA,Retail
TXN000184,CUST3230,Pooja Yadav,Female,36,Savings,BR111,Banjara Hills Branch,Kolkata,2025-06-21,15:25:59,Transfer,Internet Banking,48068.25,126043.69,174111.94,Retail,Pending,Tablet,No,44,No,368,6-10 LPA,Corporate
TXN000185,CUST6196,Vivaan Patel,Male,59,Savings,BR119,Shivajinagar Branch,Kolkata,2024-09-09,22:45:25,Transfer,Mobile Banking,35536.12,72425.31,107961.43,Utilities,Success,Tablet,No,14,No,658,6-10 LPA,Corporate
TXN000186,CUST3582,Sneha Kulkarni,Female,53,Savings,BR110,Shivajinagar Branch,Pune,2025-01-20,11:00:18,Transfer,Branch,13341.06,88670.18,102011.24,Healthcare,Success,Desktop,No,18,No,743,20+ LPA,Corporate
TXN000187,CUST9905,Sneha Kulkarni,Female,21,Current,BR116,Connaught Place Branch,Hyderabad,2025-07-18,05:16:01,Payment,Mobile Banking,13507.1,292157.2,278650.1,Retail,Pending,Desktop,No,73,Yes,707,20+ LPA,HNI
TXN000188,CUST1386,Meera Kapoor,Female,21,Savings,BR115,Fort Branch,Delhi,2024-01-17,07:18:59,Payment,Internet Banking,43032.04,296516.49,253484.45,Grocery,Pending,Tablet,No,97,Yes,896,6-10 LPA,Premium
TXN000189,CUST3557,Siddharth Rao,Male,49,Savings,BR115,MG Road Branch,Ahmedabad,2024-10-12,20:13:53,Withdrawal,ATM,5163.77,124971.63,119807.86,Utilities,Pending,iPhone,No,62,Yes,585,20+ LPA,Retail
TXN000190,CUST2574,Rohan Joshi,Male,48,Savings,BR108,Banjara Hills Branch,Mumbai,2025-01-24,13:39:30,Payment,Mobile Banking,1508.72,291580.59,290071.87,Education,Success,iPhone,No,22,Yes,739,10-20 LPA,Corporate
TXN000191,CUST9871,Ishita Jain,Female,48,Current,BR119,Connaught Place Branch,Delhi,2025-10-22,23:44:49,Deposit,ATM,8812.53,280883.18,289695.71,Travel,Pending,Tablet,No,19,Yes,760,6-10 LPA,Retail
TXN000192,CUST4802,Rohan Joshi,Male,33,Savings,BR105,Connaught Place Branch,Bengaluru,2025-11-07,10:23:56,Transfer,Internet Banking,31919.93,282937.8,314857.73,Dining,Success,Android,No,78,Yes,511,6-10 LPA,Corporate
TXN000193,CUST3263,Vikram Reddy,Male,56,Savings,BR102,Connaught Place Branch,Pune,2025-03-25,02:59:40,Withdrawal,Mobile Banking,8887.45,465646.35,456758.9,Utilities,Success,Tablet,No,7,Yes,810,3-6 LPA,Premium
TXN000194,CUST2442,Neha Singh,Female,32,Current,BR108,MG Road Branch,Kolkata,2024-03-01,01:11:27,Deposit,UPI,85638.75,91375.14,177013.89,E-commerce,Failed,Tablet,No,59,No,809,20+ LPA,HNI
TXN000195,CUST7179,Kavya Iyer,Female,51,Current,BR109,Fort Branch,Ahmedabad,2024-04-10,11:37:05,Withdrawal,Branch,35099.37,131728.13,96628.76,Dining,Pending,iPhone,No,88,No,713,6-10 LPA,Premium
TXN000196,CUST1337,Karan Malhotra,Male,30,Current,BR110,MG Road Branch,Hyderabad,2025-06-23,01:33:56,Payment,POS,96546.27,397519.04,300972.77,Healthcare,Success,Desktop,No,95,Yes,753,10-20 LPA,Premium
TXN000197,CUST5046,Ananya Gupta,Female,49,Current,BR112,MG Road Branch,Bengaluru,2024-11-29,05:06:15,Payment,UPI,83265.69,240066.36,156800.67,Dining,Failed,Desktop,No,99,Yes,695,10-20 LPA,Retail
TXN000198,CUST3278,Rohan Joshi,Male,22,Current,BR114,Connaught Place Branch,Delhi,2025-03-17,17:26:33,Withdrawal,POS,94877.13,366869.17,271992.04,Travel,Failed,iPhone,Yes,79,No,756,20+ LPA,Retail
TXN000199,CUST6343,Kavya Iyer,Female,50,Current,BR102,Connaught Place Branch,Kolkata,2024-04-02,20:08:42,Withdrawal,Branch,41727.78,310583.01,268855.23,E-commerce,Pending,Android,No,46,No,667,6-10 LPA,HNI
TXN000200,CUST3693,Meera Kapoor,Female,56,Savings,BR107,Connaught Place Branch,Bengaluru,2025-01-16,04:44:06,Transfer,ATM,160.06,467102.57,467262.63,Education,Pending,Android,No,97,No,399,3-6 LPA,Corporate
TXN000201,CUST4639,Siddharth Rao,Male,44,Savings,BR120,Connaught Place Branch,Mumbai,2025-01-02,06:20:17,Payment,ATM,66780.81,138446.31,71665.5,Retail,Pending,Android,No,88,No,881,0-3 LPA,HNI
TXN000202,CUST6048,Tanvi Patil,Female,37,Savings,BR118,MG Road Branch,Ahmedabad,2025-08-28,15:02:55,Payment,ATM,22858.13,365629.79,342771.66,Dining,Success,Desktop,No,53,Yes,484,6-10 LPA,Retail
TXN000203,CUST5172,Aditi Mishra,Female,57,Current,BR112,Shivajinagar Branch,Delhi,2024-03-01,02:24:35,Payment,Internet Banking,74327.3,67965.29,0,Utilities,Success,Desktop,Yes,6,No,778,3-6 LPA,HNI
TXN000204,CUST6263,Priya Nair,Female,62,Current,BR118,Banjara Hills Branch,Delhi,2024-02-26,07:00:12,Payment,Mobile Banking,9177.68,57904.07,48726.39,Education,Pending,Desktop,No,90,Yes,788,6-10 LPA,HNI
TXN000205,CUST3564,Aditya Verma,Male,61,Savings,BR112,MG Road Branch,Bengaluru,2024-03-04,05:05:39,Withdrawal,Internet Banking,85735.63,373698.43,287962.8,Retail,Pending,Tablet,Yes,82,No,418,6-10 LPA,Corporate
TXN000206,CUST5007,Vivaan Patel,Male,42,Current,BR116,Banjara Hills Branch,Bengaluru,2025-12-24,18:26:52,Deposit,ATM,25592.01,130120.65,155712.66,Retail,Pending,iPhone,Yes,49,No,308,3-6 LPA,HNI
TXN000207,CUST5965,Siddharth Rao,Male,46,Savings,BR104,Banjara Hills Branch,Delhi,2024-01-17,15:33:52,Deposit,Branch,43763.39,425997.96,469761.35,Grocery,Pending,Tablet,No,35,No,794,0-3 LPA,Corporate
TXN000208,CUST8232,Pooja Yadav,Female,64,Savings,BR107,Connaught Place Branch,Mumbai,2025-04-07,09:31:54,Deposit,POS,64332.3,245869.13,310201.43,Dining,Pending,Android,Yes,22,No,796,10-20 LPA,Corporate
TXN000209,CUST8772,Karan Malhotra,Male,32,Current,BR111,MG Road Branch,Kolkata,2024-01-05,23:11:13,Transfer,Mobile Banking,93455.02,398131.78,491586.8,Dining,Pending,Android,Yes,78,No,450,10-20 LPA,HNI
TXN000210,CUST3643,Rohan Joshi,Male,29,Savings,BR102,Connaught Place Branch,Kolkata,2025-05-30,12:59:41,Withdrawal,Internet Banking,61900.73,261667.14,199766.41,Education,Success,iPhone,No,72,No,470,10-20 LPA,Retail
TXN000211,CUST7456,Rohan Joshi,Male,33,Current,BR115,Fort Branch,Kolkata,2024-10-19,23:08:48,Transfer,Internet Banking,46493.18,247102.48,293595.66,Dining,Success,Tablet,No,54,No,819,20+ LPA,Retail
TXN000212,CUST9587,Sneha Kulkarni,Female,37,Savings,BR111,Banjara Hills Branch,Pune,2025-08-03,23:51:31,Transfer,Mobile Banking,46526.19,148925.39,195451.58,Retail,Failed,iPhone,No,3,Yes,791,10-20 LPA,Premium
TXN000213,CUST8335,Vikram Reddy,Male,45,Savings,BR108,MG Road Branch,Bengaluru,2025-06-22,11:58:03,Transfer,Internet Banking,91565,46051.52,137616.52,Travel,Failed,Desktop,Yes,26,Yes,832,20+ LPA,HNI
TXN000214,CUST6562,Sneha Kulkarni,Female,51,Savings,BR120,Connaught Place Branch,Delhi,2025-12-10,05:34:11,Payment,POS,19789.91,345135.04,325345.13,Utilities,Pending,Desktop,No,100,Yes,809,0-3 LPA,Premium
TXN000215,CUST5604,Meera Kapoor,Female,36,Savings,BR104,MG Road Branch,Delhi,2025-03-14,23:41:56,Transfer,Mobile Banking,5282.35,367402.4,372684.75,Education,Failed,Desktop,No,60,Yes,800,0-3 LPA,Premium
TXN000216,CUST1092,Aditi Mishra,Female,26,Savings,BR103,Banjara Hills Branch,Bengaluru,2024-10-09,16:02:13,Transfer,UPI,51688.52,343651.74,395340.26,Grocery,Success,iPhone,No,70,No,586,3-6 LPA,Retail
TXN000217,CUST8799,Sneha Kulkarni,Female,62,Current,BR104,MG Road Branch,Bengaluru,2024-07-28,20:02:09,Payment,POS,65916.04,47509.52,0,Utilities,Failed,Android,No,31,No,403,3-6 LPA,Corporate
TXN000218,CUST3494,Aditi Mishra,Female,60,Current,BR108,MG Road Branch,Hyderabad,2024-01-12,17:25:27,Transfer,ATM,8086.45,443272.45,451358.9,Healthcare,Failed,iPhone,Yes,55,No,309,20+ LPA,HNI
TXN000219,CUST4103,Rohan Joshi,Male,28,Savings,BR117,MG Road Branch,Bengaluru,2024-07-03,06:59:58,Withdrawal,UPI,19307.26,335860.23,316552.97,Travel,Success,iPhone,No,38,Yes,846,0-3 LPA,Premium
TXN000220,CUST6488,Aarav Sharma,Male,61,Current,BR102,Banjara Hills Branch,Ahmedabad,2025-05-18,04:01:58,Deposit,ATM,25541.63,215520.31,241061.94,Travel,Failed,Android,Yes,27,No,716,3-6 LPA,Premium
TXN000221,CUST1593,Rohan Joshi,Male,54,Current,BR118,MG Road Branch,Bengaluru,2025-05-03,00:26:19,Transfer,Mobile Banking,6495.21,8058,14553.21,Retail,Failed,Desktop,No,86,No,792,10-20 LPA,Premium
TXN000222,CUST3851,Priya Nair,Female,62,Savings,BR109,Shivajinagar Branch,Delhi,2025-02-28,09:04:41,Withdrawal,ATM,47120.49,152560.82,105440.33,Dining,Pending,Android,Yes,76,Yes,478,20+ LPA,Premium
TXN000223,CUST5989,Rahul Mehta,Male,23,Current,BR104,Connaught Place Branch,Pune,2024-08-27,00:42:51,Payment,POS,48177.83,372085.06,323907.23,Travel,Pending,iPhone,No,89,No,845,3-6 LPA,Corporate
TXN000224,CUST6936,Sneha Kulkarni,Female,49,Savings,BR101,Fort Branch,Kolkata,2024-04-17,09:28:48,Payment,UPI,15934.93,467402.23,451467.3,Utilities,Success,Desktop,No,24,No,308,0-3 LPA,Premium
TXN000225,CUST1105,Ishita Jain,Female,49,Current,BR103,Connaught Place Branch,Kolkata,2024-08-17,14:00:42,Deposit,POS,24709.58,6610.55,31320.13,Utilities,Pending,Android,No,87,No,786,0-3 LPA,HNI
TXN000226,CUST9013,Meera Kapoor,Female,50,Current,BR119,Fort Branch,Bengaluru,2025-04-25,17:46:11,Payment,ATM,5750.81,337741.04,331990.23,Grocery,Failed,Tablet,No,18,Yes,650,6-10 LPA,Corporate
TXN000227,CUST2365,Pooja Yadav,Female,26,Current,BR112,Connaught Place Branch,Pune,2024-12-17,17:24:38,Payment,POS,54915.06,52329.23,0,E-commerce,Success,Desktop,No,55,No,730,20+ LPA,Premium
TXN000228,CUST1708,Priya Nair,Female,42,Savings,BR120,MG Road Branch,Chennai,2025-01-15,09:55:57,Withdrawal,Internet Banking,97806.52,151817.7,54011.18,Healthcare,Success,Tablet,No,4,Yes,674,20+ LPA,Retail
TXN000229,CUST2229,Arjun Deshmukh,Male,48,Current,BR104,Connaught Place Branch,Delhi,2025-11-24,08:54:17,Transfer,Mobile Banking,32979.91,76744.21,109724.12,Travel,Pending,Tablet,No,60,Yes,673,10-20 LPA,Retail
TXN000230,CUST3228,Neha Singh,Female,52,Current,BR119,Banjara Hills Branch,Delhi,2024-05-15,12:20:03,Deposit,UPI,66981.64,227422.87,294404.51,Utilities,Failed,iPhone,No,35,Yes,633,0-3 LPA,Corporate
TXN000231,CUST3476,Tanvi Patil,Female,44,Savings,BR102,Connaught Place Branch,Bengaluru,2025-08-03,23:26:37,Withdrawal,POS,80081.04,75914.03,0,Travel,Pending,iPhone,Yes,56,No,839,6-10 LPA,HNI
TXN000232,CUST5285,Meera Kapoor,Female,30,Savings,BR106,MG Road Branch,Kolkata,2024-11-07,18:37:25,Withdrawal,ATM,32549.13,94146.03,61596.9,Travel,Failed,Desktop,No,79,No,428,6-10 LPA,Premium
TXN000233,CUST2693,Vikram Reddy,Male,50,Current,BR108,Shivajinagar Branch,Hyderabad,2024-07-15,09:42:31,Withdrawal,Mobile Banking,8231.29,430566.64,422335.35,Healthcare,Pending,Desktop,No,24,Yes,344,20+ LPA,HNI
TXN000234,CUST6195,Arjun Deshmukh,Male,58,Savings,BR106,Fort Branch,Bengaluru,2024-04-03,21:16:49,Transfer,POS,16984.98,43992.57,60977.55,Utilities,Failed,Android,No,59,Yes,786,3-6 LPA,Retail
TXN000235,CUST1422,Vivaan Patel,Male,61,Current,BR110,Banjara Hills Branch,Hyderabad,2025-12-16,21:18:12,Transfer,Branch,22605.66,296995.24,319600.9,Retail,Success,iPhone,No,40,No,842,3-6 LPA,HNI
TXN000236,CUST6103,Meera Kapoor,Female,54,Current,BR117,Connaught Place Branch,Bengaluru,2024-11-24,13:21:07,Withdrawal,Internet Banking,89567.24,152345.95,62778.71,Education,Failed,Desktop,No,23,No,407,0-3 LPA,Retail
TXN000237,CUST7211,Ishita Jain,Female,33,Current,BR118,MG Road Branch,Hyderabad,2024-09-16,22:43:09,Withdrawal,ATM,82432,291828.25,209396.25,Dining,Success,Desktop,No,8,No,685,20+ LPA,Premium
TXN000238,CUST3270,Arjun Deshmukh,Male,65,Savings,BR111,Banjara Hills Branch,Pune,2025-11-17,15:02:10,Deposit,Mobile Banking,76027.32,278497.31,354524.63,Dining,Success,Desktop,Yes,75,Yes,735,20+ LPA,Retail
TXN000239,CUST5886,Tanvi Patil,Female,65,Savings,BR115,Fort Branch,Chennai,2025-01-27,07:43:34,Withdrawal,ATM,43161.23,461640.24,418479.01,Grocery,Pending,iPhone,Yes,46,No,444,6-10 LPA,Retail
TXN000240,CUST2060,Ananya Gupta,Female,23,Savings,BR108,Connaught Place Branch,Ahmedabad,2024-01-23,02:38:08,Withdrawal,Mobile Banking,69224.93,11412.7,0,Travel,Pending,Desktop,Yes,50,Yes,566,0-3 LPA,Premium
TXN000241,CUST3159,Aditya Verma,Male,41,Current,BR114,MG Road Branch,Pune,2025-06-24,05:54:58,Payment,Internet Banking,39656.3,372727.41,333071.11,Utilities,Success,iPhone,No,92,No,679,10-20 LPA,HNI
TXN000242,CUST5140,Vivaan Patel,Male,51,Current,BR106,Fort Branch,Mumbai,2024-04-02,14:45:01,Payment,Mobile Banking,98440.6,248049.39,149608.79,Travel,Pending,Tablet,No,80,No,616,10-20 LPA,Retail
TXN000243,CUST9590,Pooja Yadav,Female,48,Current,BR118,Shivajinagar Branch,Mumbai,2025-09-09,17:11:08,Deposit,Branch,65021.13,210935.8,275956.93,Education,Success,Desktop,No,73,No,629,3-6 LPA,Corporate
TXN000244,CUST7107,Karan Malhotra,Male,43,Current,BR113,Shivajinagar Branch,Bengaluru,2025-05-07,17:49:01,Withdrawal,Branch,28786.58,248151.8,219365.22,Utilities,Failed,iPhone,No,58,No,377,6-10 LPA,Premium
TXN000245,CUST2969,Kavya Iyer,Female,46,Savings,BR105,Shivajinagar Branch,Chennai,2025-10-01,23:33:49,Deposit,Internet Banking,83151.94,471363.65,554515.59,Retail,Failed,Tablet,Yes,97,Yes,900,20+ LPA,Corporate
TXN000246,CUST6413,Priya Nair,Female,51,Current,BR105,MG Road Branch,Bengaluru,2024-08-15,02:39:25,Withdrawal,ATM,67193.3,459764.91,392571.61,Travel,Success,Desktop,No,55,Yes,636,20+ LPA,Premium
TXN000247,CUST8654,Vivaan Patel,Male,35,Current,BR116,Fort Branch,Hyderabad,2025-09-24,01:03:33,Payment,Mobile Banking,21325.68,145786.47,124460.79,Retail,Pending,Tablet,No,57,No,594,6-10 LPA,Corporate
TXN000248,CUST1898,Ananya Gupta,Female,41,Current,BR118,Connaught Place Branch,Chennai,2025-08-05,23:32:12,Payment,Internet Banking,63499.79,463695.2,400195.41,Healthcare,Failed,Android,No,28,Yes,897,6-10 LPA,Retail
TXN000249,CUST7794,Siddharth Rao,Male,53,Savings,BR108,Banjara Hills Branch,Kolkata,2024-01-29,20:39:20,Deposit,ATM,90951.83,467509.2,558461.03,Dining,Success,Tablet,Yes,71,No,616,3-6 LPA,Corporate
TXN000250,CUST8617,Rahul Mehta,Male,28,Savings,BR108,Fort Branch,Pune,2024-05-25,12:46:38,Deposit,POS,95515.68,78755.05,174270.73,Education,Failed,iPhone,No,41,Yes,813,6-10 LPA,Retail
TXN000251,CUST7403,Neha Singh,Female,27,Savings,BR114,Fort Branch,Mumbai,2025-01-24,13:58:36,Transfer,ATM,53683.32,496474.34,550157.66,Retail,Failed,Desktop,Yes,17,Yes,534,0-3 LPA,Corporate
TXN000252,CUST7478,Ananya Gupta,Female,52,Current,BR109,MG Road Branch,Pune,2024-08-22,18:46:17,Transfer,UPI,10403.72,411690.51,422094.23,Retail,Pending,Android,No,75,No,689,10-20 LPA,Premium
TXN000253,CUST7383,Priya Nair,Female,65,Current,BR120,MG Road Branch,Pune,2025-09-16,05:56:33,Deposit,Internet Banking,35630.84,87303.63,122934.47,Grocery,Failed,Desktop,Yes,20,No,320,20+ LPA,Retail
TXN000254,CUST8736,Vikram Reddy,Male,55,Current,BR114,Fort Branch,Bengaluru,2024-05-13,00:43:57,Withdrawal,Internet Banking,90531.56,319134.62,228603.06,Retail,Failed,iPhone,No,94,No,555,0-3 LPA,Retail
TXN000255,CUST9693,Siddharth Rao,Male,61,Current,BR117,Fort Branch,Kolkata,2025-10-01,13:14:44,Payment,Branch,3681.15,28687.93,25006.78,E-commerce,Pending,Tablet,No,21,No,699,20+ LPA,HNI
TXN000256,CUST1404,Siddharth Rao,Male,38,Savings,BR120,Banjara Hills Branch,Pune,2024-11-26,12:20:38,Withdrawal,UPI,38553.62,469286.61,430732.99,Healthcare,Success,iPhone,No,84,No,888,6-10 LPA,Corporate
TXN000257,CUST3952,Nikhil Chavan,Male,64,Current,BR118,Connaught Place Branch,Bengaluru,2025-02-03,23:55:54,Deposit,Internet Banking,74281.99,418020.37,492302.36,E-commerce,Success,Android,No,30,No,678,10-20 LPA,Retail
TXN000258,CUST6421,Rohan Joshi,Male,28,Current,BR105,Connaught Place Branch,Bengaluru,2025-11-17,07:05:39,Transfer,Internet Banking,85208.13,374162.05,459370.18,Retail,Failed,iPhone,No,36,Yes,609,3-6 LPA,HNI
TXN000259,CUST1877,Aditya Verma,Male,45,Current,BR117,Connaught Place Branch,Kolkata,2025-08-25,03:13:13,Transfer,Internet Banking,16128.82,427072.53,443201.35,Dining,Pending,Android,No,98,Yes,727,10-20 LPA,HNI
TXN000260,CUST9351,Sneha Kulkarni,Female,43,Current,BR108,Connaught Place Branch,Kolkata,2024-10-30,21:10:10,Deposit,POS,87288.56,472678.66,559967.22,Healthcare,Pending,Desktop,No,80,Yes,319,20+ LPA,Corporate
TXN000261,CUST2399,Aditi Mishra,Female,41,Savings,BR109,MG Road Branch,Hyderabad,2025-06-26,22:30:10,Payment,POS,67433.9,131520.5,64086.6,Utilities,Pending,Android,No,16,No,637,20+ LPA,Retail
TXN000262,CUST5123,Karan Malhotra,Male,43,Current,BR110,MG Road Branch,Hyderabad,2024-08-04,13:54:48,Withdrawal,Mobile Banking,86503.9,113851.2,27347.3,Travel,Failed,Android,Yes,82,No,617,0-3 LPA,Corporate
TXN000263,CUST1876,Aditi Mishra,Female,31,Savings,BR117,Shivajinagar Branch,Chennai,2024-08-22,15:16:49,Withdrawal,UPI,24847.96,486872.72,462024.76,Retail,Pending,Desktop,Yes,27,Yes,708,3-6 LPA,Retail
TXN000264,CUST1900,Tanvi Patil,Female,30,Savings,BR117,Connaught Place Branch,Kolkata,2025-05-15,22:25:24,Withdrawal,Mobile Banking,66969.7,420770.84,353801.14,Healthcare,Pending,Desktop,No,42,Yes,426,0-3 LPA,Premium
TXN000265,CUST8602,Sneha Kulkarni,Female,39,Savings,BR118,Shivajinagar Branch,Kolkata,2025-12-10,04:03:34,Withdrawal,POS,1056.23,56478.36,55422.13,Retail,Success,Android,No,54,No,661,6-10 LPA,Premium
TXN000266,CUST1122,Rohan Joshi,Male,55,Current,BR113,Fort Branch,Mumbai,2025-09-09,10:15:09,Deposit,POS,56347.12,160486.33,216833.45,Retail,Success,Tablet,No,2,No,709,3-6 LPA,Corporate
TXN000267,CUST3288,Neha Singh,Female,45,Current,BR109,Connaught Place Branch,Pune,2025-09-16,23:15:41,Transfer,Mobile Banking,21144.29,445881.73,467026.02,Retail,Pending,Android,No,39,Yes,801,0-3 LPA,Retail
TXN000268,CUST6227,Vikram Reddy,Male,63,Savings,BR107,Fort Branch,Bengaluru,2025-03-14,15:11:50,Payment,Branch,46780.83,277100.01,230319.18,Healthcare,Pending,iPhone,Yes,41,Yes,517,0-3 LPA,Retail
TXN000269,CUST2509,Rahul Mehta,Male,29,Savings,BR108,MG Road Branch,Kolkata,2024-03-22,12:52:16,Withdrawal,Branch,19721.64,35849.34,16127.7,Education,Success,iPhone,No,23,Yes,559,6-10 LPA,Corporate
TXN000270,CUST2489,Vikram Reddy,Male,28,Savings,BR109,Shivajinagar Branch,Mumbai,2024-06-25,06:50:54,Deposit,ATM,66040.71,436107.69,502148.4,Healthcare,Failed,Android,No,83,Yes,797,20+ LPA,Premium
TXN000271,CUST2278,Arjun Deshmukh,Male,59,Savings,BR110,MG Road Branch,Mumbai,2024-08-12,14:47:44,Payment,Internet Banking,48855.35,357150.82,308295.47,Retail,Failed,Desktop,Yes,16,No,469,10-20 LPA,Corporate
TXN000272,CUST4838,Aditya Verma,Male,42,Current,BR112,Connaught Place Branch,Chennai,2025-10-07,10:11:41,Payment,POS,17676.11,310554.5,292878.39,Healthcare,Failed,iPhone,No,88,No,352,3-6 LPA,HNI
TXN000273,CUST5463,Priya Nair,Female,56,Savings,BR115,Shivajinagar Branch,Kolkata,2024-10-05,03:58:26,Transfer,Mobile Banking,4063.7,304205.4,308269.1,Travel,Success,iPhone,No,43,Yes,499,20+ LPA,Retail
TXN000274,CUST9989,Aditi Mishra,Female,45,Current,BR115,MG Road Branch,Pune,2025-02-06,13:50:30,Payment,POS,89017.54,59781.62,0,Grocery,Pending,Android,Yes,61,No,383,0-3 LPA,Premium
TXN000275,CUST4444,Aditi Mishra,Female,53,Current,BR104,Shivajinagar Branch,Bengaluru,2024-10-19,14:47:40,Transfer,UPI,66195.75,137497.64,203693.39,Travel,Pending,Android,No,45,Yes,447,6-10 LPA,Retail
TXN000276,CUST8420,Priya Nair,Female,34,Current,BR106,Fort Branch,Pune,2025-03-22,07:42:41,Payment,ATM,54454.74,45373.94,0,E-commerce,Pending,Android,No,55,Yes,735,0-3 LPA,Retail
TXN000277,CUST1802,Aditya Verma,Male,61,Savings,BR115,Banjara Hills Branch,Pune,2024-01-06,03:11:26,Payment,ATM,51747.49,176032.7,124285.21,Retail,Failed,Tablet,Yes,58,No,787,10-20 LPA,Retail
TXN000278,CUST8749,Pooja Yadav,Female,49,Savings,BR119,Connaught Place Branch,Mumbai,2024-01-19,00:20:05,Transfer,POS,70373.95,96420.3,166794.25,Travel,Success,Desktop,No,1,Yes,538,10-20 LPA,Premium
TXN000279,CUST3375,Aditya Verma,Male,22,Savings,BR119,Banjara Hills Branch,Delhi,2025-12-24,13:42:52,Deposit,Mobile Banking,91884.64,138103.85,229988.49,Education,Pending,Desktop,No,63,No,867,0-3 LPA,Premium
TXN000280,CUST3776,Arjun Deshmukh,Male,47,Savings,BR118,Fort Branch,Chennai,2025-11-23,12:08:46,Payment,POS,13979.64,229496.08,215516.44,E-commerce,Success,Desktop,No,23,No,538,0-3 LPA,Retail
TXN000281,CUST8366,Tanvi Patil,Female,26,Savings,BR112,Fort Branch,Ahmedabad,2025-02-11,22:35:22,Withdrawal,Internet Banking,96853.9,251384.87,154530.97,Retail,Success,Desktop,Yes,3,Yes,765,0-3 LPA,HNI
TXN000282,CUST4577,Priya Nair,Female,65,Current,BR120,Connaught Place Branch,Pune,2025-05-07,21:42:12,Transfer,POS,50142.62,234990.89,285133.51,E-commerce,Failed,Tablet,No,20,No,342,6-10 LPA,Retail
TXN000283,CUST7482,Vikram Reddy,Male,39,Savings,BR115,Shivajinagar Branch,Pune,2024-07-02,00:02:29,Withdrawal,UPI,46731.54,348044.06,301312.52,E-commerce,Success,Tablet,No,11,Yes,626,3-6 LPA,Corporate
TXN000284,CUST9165,Meera Kapoor,Female,41,Savings,BR108,MG Road Branch,Ahmedabad,2024-03-21,16:01:46,Payment,Internet Banking,87325.92,434221.69,346895.77,Retail,Failed,iPhone,No,42,No,472,20+ LPA,Premium
TXN000285,CUST5988,Nikhil Chavan,Male,59,Current,BR116,Banjara Hills Branch,Hyderabad,2025-08-12,13:53:58,Withdrawal,Mobile Banking,80111.79,198145.48,118033.69,Grocery,Failed,iPhone,No,32,No,305,0-3 LPA,Premium
TXN000286,CUST1247,Aarav Sharma,Male,35,Current,BR103,Banjara Hills Branch,Pune,2025-12-28,12:58:21,Withdrawal,UPI,28787.14,303768.96,274981.82,E-commerce,Failed,Desktop,No,78,No,408,6-10 LPA,HNI
TXN000287,CUST3864,Pooja Yadav,Female,29,Current,BR106,Connaught Place Branch,Kolkata,2025-08-09,15:58:57,Transfer,UPI,57361.27,50805.31,108166.58,Retail,Success,Android,No,69,No,799,6-10 LPA,Premium
TXN000288,CUST9681,Vivaan Patel,Male,50,Current,BR115,Connaught Place Branch,Hyderabad,2024-07-09,23:15:29,Deposit,Internet Banking,4294.1,496961.14,501255.24,Grocery,Failed,Android,Yes,17,Yes,842,6-10 LPA,Retail
TXN000289,CUST3002,Ishita Jain,Female,51,Current,BR116,Fort Branch,Chennai,2024-03-03,13:08:18,Payment,ATM,71333.42,194231.13,122897.71,Utilities,Success,iPhone,No,56,Yes,594,0-3 LPA,Premium
TXN000290,CUST3466,Sneha Kulkarni,Female,53,Savings,BR105,Fort Branch,Chennai,2024-12-05,09:05:45,Payment,Branch,96161.54,457780.72,361619.18,Travel,Failed,iPhone,No,7,No,849,6-10 LPA,HNI
TXN000291,CUST4001,Vikram Reddy,Male,52,Savings,BR109,Fort Branch,Hyderabad,2024-09-18,02:07:48,Payment,Branch,12094.31,327538.45,315444.14,Grocery,Success,Android,No,73,No,368,0-3 LPA,HNI
TXN000292,CUST4279,Priya Nair,Female,39,Current,BR114,Shivajinagar Branch,Hyderabad,2024-05-31,19:16:47,Payment,Mobile Banking,9502.48,168771.84,159269.36,Grocery,Failed,iPhone,No,68,Yes,530,3-6 LPA,HNI
TXN000293,CUST2617,Karan Malhotra,Male,26,Savings,BR109,Connaught Place Branch,Bengaluru,2024-06-28,18:59:10,Payment,UPI,27730.29,443017.99,415287.7,Travel,Failed,Android,No,83,No,360,6-10 LPA,Premium
TXN000294,CUST9364,Vikram Reddy,Male,26,Current,BR109,MG Road Branch,Mumbai,2024-10-17,22:44:48,Deposit,Branch,31684.58,434059.77,465744.35,Grocery,Failed,Tablet,No,40,Yes,332,3-6 LPA,Retail
TXN000295,CUST5343,Neha Singh,Female,24,Current,BR110,Fort Branch,Hyderabad,2025-09-03,11:57:21,Transfer,ATM,30203.28,412450.61,442653.89,Education,Failed,Tablet,No,14,Yes,764,0-3 LPA,Premium
TXN000296,CUST1073,Ananya Gupta,Female,51,Savings,BR114,MG Road Branch,Pune,2025-06-15,07:50:34,Withdrawal,POS,73252.87,127330.7,54077.83,E-commerce,Failed,Desktop,Yes,84,No,854,3-6 LPA,HNI
TXN000297,CUST9068,Aditya Verma,Male,52,Savings,BR103,Banjara Hills Branch,Chennai,2025-01-31,06:40:20,Transfer,POS,18136.69,304557.53,322694.22,Travel,Pending,Tablet,No,61,No,736,20+ LPA,Premium
TXN000298,CUST9789,Neha Singh,Female,45,Current,BR101,Banjara Hills Branch,Ahmedabad,2024-12-08,11:16:43,Payment,Branch,93340.4,409772.8,316432.4,Retail,Success,Tablet,Yes,40,No,841,6-10 LPA,Premium
TXN000299,CUST4598,Vikram Reddy,Male,26,Savings,BR102,Fort Branch,Pune,2024-05-18,17:39:01,Transfer,ATM,45570.38,34720.4,80290.78,Retail,Failed,Tablet,Yes,21,No,521,6-10 LPA,Corporate
TXN000300,CUST7365,Tanvi Patil,Female,27,Current,BR103,MG Road Branch,Hyderabad,2024-02-29,08:05:16,Withdrawal,Internet Banking,61451.63,488297.79,426846.16,Healthcare,Pending,Android,No,84,No,416,10-20 LPA,Corporate
TXN000301,CUST6411,Nikhil Chavan,Male,54,Current,BR119,Shivajinagar Branch,Pune,2024-09-30,10:14:20,Withdrawal,Mobile Banking,96383.09,338447.04,242063.95,Healthcare,Failed,Desktop,No,29,No,627,0-3 LPA,HNI
TXN000302,CUST5353,Tanvi Patil,Female,65,Savings,BR108,Shivajinagar Branch,Chennai,2025-12-03,13:23:23,Payment,UPI,58664.37,254768.92,196104.55,E-commerce,Failed,Desktop,No,61,Yes,516,6-10 LPA,Premium
TXN000303,CUST5464,Pooja Yadav,Female,54,Current,BR110,Banjara Hills Branch,Mumbai,2025-06-10,15:23:14,Transfer,Mobile Banking,73863.85,475067.35,548931.2,Retail,Success,Tablet,No,24,No,502,6-10 LPA,HNI
TXN000304,CUST3258,Neha Singh,Female,62,Current,BR120,Banjara Hills Branch,Ahmedabad,2025-03-29,21:17:20,Withdrawal,UPI,16916.77,38504.36,21587.59,Dining,Success,iPhone,No,83,No,356,3-6 LPA,Premium
TXN000305,CUST6092,Siddharth Rao,Male,45,Current,BR116,Fort Branch,Chennai,2025-05-14,07:28:33,Transfer,Mobile Banking,47977.62,235273.87,283251.49,Healthcare,Pending,iPhone,Yes,39,Yes,776,0-3 LPA,HNI
TXN000306,CUST6756,Aditya Verma,Male,64,Savings,BR117,Fort Branch,Ahmedabad,2025-06-10,21:06:15,Withdrawal,POS,13139.24,306361.23,293221.99,Dining,Failed,iPhone,No,47,No,418,20+ LPA,Corporate
TXN000307,CUST6441,Vikram Reddy,Male,33,Current,BR108,Shivajinagar Branch,Delhi,2025-09-04,14:52:55,Withdrawal,Branch,30114.15,252466.61,222352.46,Grocery,Failed,Android,No,62,Yes,637,10-20 LPA,Corporate
TXN000308,CUST5388,Siddharth Rao,Male,49,Current,BR120,Shivajinagar Branch,Kolkata,2025-10-27,18:53:29,Payment,Branch,92029.11,259161.12,167132.01,Healthcare,Failed,iPhone,No,55,Yes,794,0-3 LPA,Premium
TXN000309,CUST6422,Ananya Gupta,Female,34,Current,BR116,Banjara Hills Branch,Hyderabad,2025-03-28,02:48:47,Withdrawal,Branch,99394.42,307953.5,208559.08,Utilities,Pending,Desktop,Yes,72,No,567,3-6 LPA,Corporate
TXN000310,CUST4045,Kavya Iyer,Female,64,Savings,BR102,Shivajinagar Branch,Delhi,2024-09-02,08:44:24,Deposit,Mobile Banking,19162.41,265162.65,284325.06,Travel,Failed,iPhone,Yes,58,Yes,554,3-6 LPA,HNI
TXN000311,CUST1084,Meera Kapoor,Female,64,Current,BR112,MG Road Branch,Mumbai,2025-06-19,15:13:25,Payment,UPI,22593.46,184564.04,161970.58,Retail,Failed,iPhone,No,68,No,791,3-6 LPA,Corporate
TXN000312,CUST7993,Rahul Mehta,Male,65,Savings,BR104,Banjara Hills Branch,Ahmedabad,2024-05-15,16:28:45,Payment,Mobile Banking,66662.71,76026.6,9363.89,Grocery,Success,Tablet,No,6,Yes,375,0-3 LPA,Corporate
TXN000313,CUST9856,Priya Nair,Female,63,Savings,BR116,Banjara Hills Branch,Bengaluru,2025-09-04,04:01:50,Payment,POS,98239.29,484574.24,386334.95,Healthcare,Failed,iPhone,No,78,No,856,20+ LPA,Retail
TXN000314,CUST3612,Tanvi Patil,Female,60,Current,BR113,MG Road Branch,Ahmedabad,2024-11-11,13:11:00,Transfer,UPI,3207.25,318889.73,322096.98,Utilities,Failed,Android,No,81,Yes,565,0-3 LPA,Corporate
TXN000315,CUST4258,Ishita Jain,Female,53,Savings,BR102,Banjara Hills Branch,Ahmedabad,2025-12-08,06:10:16,Withdrawal,Mobile Banking,12366.62,432110.1,419743.48,Utilities,Failed,Tablet,Yes,83,No,612,3-6 LPA,HNI
TXN000316,CUST8179,Karan Malhotra,Male,51,Savings,BR101,Fort Branch,Mumbai,2024-04-30,04:59:27,Withdrawal,Branch,50233.08,238788.11,188555.03,Travel,Success,Tablet,No,83,No,729,0-3 LPA,Retail
TXN000317,CUST5404,Aditi Mishra,Female,25,Current,BR105,Connaught Place Branch,Delhi,2024-02-12,10:20:09,Deposit,UPI,76637.02,138718.19,215355.21,Education,Success,Android,No,3,Yes,496,10-20 LPA,HNI
TXN000318,CUST9752,Vivaan Patel,Male,37,Savings,BR110,Banjara Hills Branch,Bengaluru,2025-08-17,13:47:29,Withdrawal,UPI,62414.3,104829.8,42415.5,Education,Failed,Android,Yes,18,No,576,20+ LPA,Retail
TXN000319,CUST8573,Tanvi Patil,Female,37,Savings,BR112,Shivajinagar Branch,Pune,2024-05-02,00:21:04,Payment,Branch,9244.38,423517.06,414272.68,E-commerce,Success,Android,No,46,Yes,531,20+ LPA,Premium
TXN000320,CUST8591,Aarav Sharma,Male,30,Current,BR112,Connaught Place Branch,Pune,2025-11-08,20:24:38,Payment,UPI,76680.66,317629.06,240948.4,E-commerce,Success,Tablet,Yes,2,No,858,6-10 LPA,Retail
TXN000321,CUST3644,Siddharth Rao,Male,25,Savings,BR113,Shivajinagar Branch,Mumbai,2025-02-19,06:45:29,Deposit,UPI,99563.13,8094.95,107658.08,Healthcare,Failed,Android,No,32,No,716,3-6 LPA,Corporate
TXN000322,CUST7335,Aarav Sharma,Male,22,Current,BR113,Fort Branch,Pune,2024-07-07,19:17:38,Transfer,POS,87986.29,356783.79,444770.08,Travel,Failed,Tablet,No,16,No,380,3-6 LPA,HNI
TXN000323,CUST2359,Nikhil Chavan,Male,31,Savings,BR115,Shivajinagar Branch,Chennai,2024-10-29,09:15:59,Deposit,Mobile Banking,10963.36,174921.17,185884.53,E-commerce,Pending,Desktop,No,75,No,363,20+ LPA,Premium
TXN000324,CUST6429,Arjun Deshmukh,Male,23,Savings,BR110,Connaught Place Branch,Delhi,2024-02-07,00:42:37,Transfer,POS,28204.25,342678.19,370882.44,Utilities,Pending,Android,No,29,Yes,447,3-6 LPA,Premium
TXN000325,CUST7495,Tanvi Patil,Female,31,Current,BR105,Fort Branch,Bengaluru,2024-04-29,19:55:39,Payment,Internet Banking,55698.18,278214.18,222516,Travel,Failed,Android,No,87,Yes,713,20+ LPA,HNI
TXN000326,CUST4715,Neha Singh,Female,54,Savings,BR102,Shivajinagar Branch,Ahmedabad,2025-05-02,05:43:35,Transfer,Internet Banking,87842.29,382001.36,469843.65,Education,Failed,iPhone,No,51,No,860,20+ LPA,Premium
TXN000327,CUST2477,Meera Kapoor,Female,59,Savings,BR103,Banjara Hills Branch,Bengaluru,2025-04-12,12:28:07,Transfer,Internet Banking,29429.51,260258.75,289688.26,Dining,Success,iPhone,No,24,No,315,10-20 LPA,Premium
TXN000328,CUST3464,Ananya Gupta,Female,33,Current,BR118,Connaught Place Branch,Delhi,2025-09-04,16:14:29,Transfer,POS,4003.04,389149.52,393152.56,Utilities,Success,Tablet,No,75,No,810,20+ LPA,Corporate
TXN000329,CUST8113,Aarav Sharma,Male,24,Savings,BR113,Shivajinagar Branch,Pune,2024-07-19,15:41:00,Withdrawal,UPI,78283.83,359505.05,281221.22,Retail,Failed,Android,No,46,No,563,6-10 LPA,Retail
TXN000330,CUST4349,Kavya Iyer,Female,35,Current,BR110,Fort Branch,Bengaluru,2025-01-22,16:45:41,Payment,Mobile Banking,16437.55,478326.54,461888.99,Retail,Pending,Android,No,23,Yes,345,6-10 LPA,HNI
TXN000331,CUST8200,Ananya Gupta,Female,63,Savings,BR119,Fort Branch,Mumbai,2025-09-10,01:04:54,Transfer,ATM,76762.83,65465.69,142228.52,Healthcare,Failed,iPhone,No,69,No,545,10-20 LPA,Premium
TXN000332,CUST6703,Tanvi Patil,Female,46,Current,BR105,Fort Branch,Chennai,2024-09-26,09:29:19,Deposit,POS,37862.16,30937.22,68799.38,Retail,Pending,Tablet,Yes,78,Yes,877,6-10 LPA,Corporate
TXN000333,CUST8910,Rahul Mehta,Male,38,Savings,BR108,Fort Branch,Kolkata,2025-03-12,23:45:50,Transfer,Internet Banking,3454.94,71332.08,74787.02,Travel,Failed,Android,Yes,60,No,574,0-3 LPA,Premium
TXN000334,CUST6125,Siddharth Rao,Male,57,Current,BR115,Banjara Hills Branch,Kolkata,2024-02-08,23:58:02,Transfer,Branch,43422.53,412359.17,455781.7,Travel,Pending,Android,Yes,94,No,316,0-3 LPA,HNI
TXN000335,CUST9013,Siddharth Rao,Male,26,Savings,BR118,Shivajinagar Branch,Kolkata,2024-02-18,14:16:29,Deposit,POS,97746.35,471268.72,569015.07,Education,Failed,Desktop,No,67,No,505,20+ LPA,Retail
TXN000336,CUST2991,Meera Kapoor,Female,55,Savings,BR116,Fort Branch,Kolkata,2024-10-01,06:48:35,Transfer,POS,42280.73,90418.95,132699.68,Travel,Success,Tablet,Yes,26,Yes,554,0-3 LPA,Premium
TXN000337,CUST7012,Sneha Kulkarni,Female,33,Savings,BR110,Connaught Place Branch,Kolkata,2025-09-10,13:22:07,Transfer,ATM,29353.53,356482.75,385836.28,Education,Pending,Desktop,No,99,Yes,588,6-10 LPA,HNI
TXN000338,CUST8516,Tanvi Patil,Female,50,Current,BR101,Banjara Hills Branch,Ahmedabad,2024-11-14,05:43:09,Payment,ATM,24138.52,27443.96,3305.44,Education,Success,Desktop,No,28,Yes,549,20+ LPA,Retail
TXN000339,CUST4745,Sneha Kulkarni,Female,38,Current,BR104,Shivajinagar Branch,Delhi,2024-07-13,14:24:05,Deposit,Internet Banking,65453.81,239818.86,305272.67,Grocery,Failed,iPhone,No,20,Yes,890,6-10 LPA,Premium
TXN000340,CUST6689,Siddharth Rao,Male,65,Savings,BR113,Fort Branch,Kolkata,2025-01-08,17:11:04,Withdrawal,ATM,31198.66,329705.05,298506.39,Retail,Success,iPhone,No,80,Yes,547,0-3 LPA,Corporate
TXN000341,CUST9517,Aditi Mishra,Female,42,Current,BR112,Connaught Place Branch,Delhi,2024-05-01,01:32:06,Deposit,Internet Banking,76994.87,242067.24,319062.11,Grocery,Pending,Android,No,36,Yes,530,10-20 LPA,HNI
TXN000342,CUST2741,Karan Malhotra,Male,39,Current,BR107,Connaught Place Branch,Hyderabad,2024-08-12,09:43:16,Payment,ATM,4739.89,255059.85,250319.96,Education,Success,Android,Yes,80,No,600,6-10 LPA,Premium
TXN000343,CUST6675,Pooja Yadav,Female,37,Current,BR103,Fort Branch,Hyderabad,2024-08-01,19:08:23,Deposit,Branch,70814.48,118539.08,189353.56,Utilities,Success,Tablet,Yes,32,Yes,767,0-3 LPA,Corporate
TXN000344,CUST1951,Ishita Jain,Female,58,Savings,BR101,Shivajinagar Branch,Bengaluru,2024-08-15,01:07:20,Withdrawal,ATM,27602.68,380375.5,352772.82,Dining,Success,iPhone,No,61,Yes,567,3-6 LPA,Premium
TXN000345,CUST5235,Vivaan Patel,Male,40,Current,BR115,Banjara Hills Branch,Mumbai,2024-08-23,19:39:43,Deposit,Internet Banking,66102,72806.51,138908.51,E-commerce,Pending,iPhone,No,79,Yes,508,20+ LPA,HNI
TXN000346,CUST3504,Siddharth Rao,Male,27,Savings,BR113,Connaught Place Branch,Mumbai,2025-01-16,14:39:31,Deposit,UPI,14719.21,406052.56,420771.77,Retail,Failed,Desktop,No,12,Yes,517,3-6 LPA,HNI
TXN000347,CUST7568,Pooja Yadav,Female,50,Savings,BR111,MG Road Branch,Chennai,2024-10-18,15:01:02,Withdrawal,Branch,26277.24,98229.16,71951.92,Grocery,Pending,iPhone,No,20,No,560,6-10 LPA,Corporate
TXN000348,CUST2660,Rohan Joshi,Male,63,Current,BR117,Banjara Hills Branch,Kolkata,2024-03-30,23:52:54,Deposit,POS,6444.02,61886.91,68330.93,Retail,Failed,Desktop,No,92,No,881,0-3 LPA,Premium
TXN000349,CUST3677,Aarav Sharma,Male,26,Savings,BR106,Fort Branch,Bengaluru,2025-04-15,04:12:37,Deposit,ATM,34737.8,345581.59,380319.39,Retail,Failed,iPhone,Yes,78,Yes,617,20+ LPA,Corporate
TXN000350,CUST8665,Siddharth Rao,Male,35,Current,BR102,MG Road Branch,Delhi,2024-02-26,12:50:02,Withdrawal,Mobile Banking,28488.35,250029.7,221541.35,Travel,Success,iPhone,No,45,No,767,10-20 LPA,Retail
TXN000351,CUST6330,Ananya Gupta,Female,59,Savings,BR111,Shivajinagar Branch,Kolkata,2024-06-30,05:11:06,Transfer,Internet Banking,76206.03,492725.34,568931.37,Retail,Failed,Tablet,No,2,No,444,10-20 LPA,Retail
TXN000352,CUST1306,Tanvi Patil,Female,51,Current,BR119,Banjara Hills Branch,Chennai,2025-03-28,01:06:50,Deposit,UPI,83820.36,272704.03,356524.39,Travel,Success,Tablet,No,35,No,686,10-20 LPA,Retail
TXN000353,CUST3157,Siddharth Rao,Male,48,Savings,BR115,Connaught Place Branch,Kolkata,2025-04-12,17:58:04,Withdrawal,UPI,83412.3,270765.43,187353.13,Education,Success,Desktop,No,34,No,549,0-3 LPA,Corporate
TXN000354,CUST6065,Pooja Yadav,Female,34,Current,BR117,Connaught Place Branch,Bengaluru,2025-03-11,07:08:06,Transfer,POS,9494.26,138905.24,148399.5,Travel,Pending,Android,Yes,12,Yes,669,0-3 LPA,Corporate
TXN000355,CUST8909,Pooja Yadav,Female,52,Savings,BR114,Banjara Hills Branch,Mumbai,2025-06-20,19:58:22,Deposit,ATM,30163.87,187708.19,217872.06,Retail,Pending,Desktop,No,29,No,562,6-10 LPA,Premium
TXN000356,CUST6101,Karan Malhotra,Male,65,Current,BR108,MG Road Branch,Chennai,2025-05-16,08:53:44,Withdrawal,UPI,9204.76,407563.52,398358.76,Utilities,Failed,Tablet,No,20,Yes,459,10-20 LPA,Premium
TXN000357,CUST6243,Siddharth Rao,Male,54,Current,BR114,Connaught Place Branch,Delhi,2024-12-22,11:37:42,Transfer,Branch,83061.42,349369.55,432430.97,Education,Pending,Android,No,81,Yes,362,20+ LPA,Premium
TXN000358,CUST1206,Aditi Mishra,Female,30,Current,BR113,Shivajinagar Branch,Bengaluru,2025-08-20,19:02:42,Withdrawal,POS,77216.76,429076.22,351859.46,Dining,Pending,Desktop,No,20,Yes,622,0-3 LPA,Corporate
TXN000359,CUST9774,Kavya Iyer,Female,22,Current,BR105,Fort Branch,Chennai,2024-07-14,20:39:50,Payment,Internet Banking,13528.61,138994.81,125466.2,E-commerce,Failed,iPhone,No,73,Yes,458,0-3 LPA,HNI
TXN000360,CUST4920,Aditi Mishra,Female,27,Savings,BR111,Fort Branch,Chennai,2024-06-12,00:03:35,Payment,Mobile Banking,98038.41,415238.96,317200.55,Utilities,Failed,Tablet,No,1,Yes,727,6-10 LPA,Retail
TXN000361,CUST7971,Priya Nair,Female,47,Current,BR106,Connaught Place Branch,Pune,2024-12-03,09:19:23,Payment,POS,57125.54,368189.43,311063.89,Education,Pending,iPhone,No,20,Yes,353,3-6 LPA,Premium
TXN000362,CUST6739,Arjun Deshmukh,Male,53,Current,BR108,Banjara Hills Branch,Chennai,2024-02-11,22:19:14,Withdrawal,POS,62622.21,420390.58,357768.37,Utilities,Success,Android,No,63,Yes,822,6-10 LPA,HNI
TXN000363,CUST3104,Tanvi Patil,Female,45,Current,BR110,Connaught Place Branch,Pune,2024-08-03,14:21:21,Transfer,UPI,37652.65,213499.02,251151.67,E-commerce,Success,Desktop,No,32,Yes,539,10-20 LPA,Retail
TXN000364,CUST5383,Nikhil Chavan,Male,24,Current,BR108,Banjara Hills Branch,Hyderabad,2024-12-19,21:40:46,Payment,POS,69504.8,357426.08,287921.28,Healthcare,Success,Tablet,No,77,No,344,20+ LPA,HNI
TXN000365,CUST5814,Tanvi Patil,Female,21,Current,BR114,Banjara Hills Branch,Bengaluru,2024-07-06,09:48:21,Deposit,Mobile Banking,22274.42,196511.81,218786.23,Education,Failed,Android,No,91,No,448,0-3 LPA,Premium
TXN000366,CUST3725,Pooja Yadav,Female,50,Current,BR120,Connaught Place Branch,Chennai,2024-11-18,05:21:50,Payment,ATM,88521.6,415096.9,326575.3,Grocery,Failed,iPhone,No,22,Yes,369,20+ LPA,Corporate
TXN000367,CUST3315,Pooja Yadav,Female,45,Current,BR105,Fort Branch,Kolkata,2024-07-23,00:50:35,Withdrawal,Mobile Banking,3217.29,355898.47,352681.18,Travel,Pending,Android,No,56,Yes,377,3-6 LPA,HNI
TXN000368,CUST7740,Pooja Yadav,Female,30,Savings,BR108,Fort Branch,Chennai,2025-01-20,17:42:40,Payment,Internet Banking,9416.41,303253.6,293837.19,Utilities,Pending,Android,No,12,No,707,20+ LPA,Corporate
TXN000369,CUST5263,Priya Nair,Female,36,Current,BR108,Banjara Hills Branch,Delhi,2025-04-02,02:02:23,Transfer,UPI,36646.09,355881.93,392528.02,Travel,Pending,iPhone,No,70,No,807,20+ LPA,HNI
TXN000370,CUST8919,Aditya Verma,Male,41,Current,BR119,Connaught Place Branch,Ahmedabad,2024-11-29,08:06:51,Deposit,Mobile Banking,92826.62,334178.19,427004.81,Education,Pending,iPhone,Yes,40,No,538,0-3 LPA,Corporate
TXN000371,CUST1860,Rahul Mehta,Male,52,Current,BR107,Banjara Hills Branch,Pune,2025-06-23,16:35:27,Withdrawal,Branch,53397.64,245134.02,191736.38,Education,Pending,Tablet,No,64,Yes,868,6-10 LPA,Corporate
TXN000372,CUST4102,Priya Nair,Female,32,Current,BR109,Connaught Place Branch,Delhi,2025-05-19,18:29:22,Deposit,Branch,98061.34,262982.8,361044.14,E-commerce,Pending,Desktop,Yes,21,Yes,530,0-3 LPA,Retail
TXN000373,CUST3807,Karan Malhotra,Male,30,Current,BR101,Connaught Place Branch,Pune,2024-08-22,03:06:04,Transfer,ATM,8702.46,7152.22,15854.68,Education,Success,iPhone,Yes,66,Yes,545,10-20 LPA,HNI
TXN000374,CUST4263,Sneha Kulkarni,Female,21,Current,BR106,Banjara Hills Branch,Mumbai,2024-02-11,18:26:36,Transfer,Branch,95067.79,99281.74,194349.53,Education,Success,Desktop,No,55,No,890,10-20 LPA,Corporate
TXN000375,CUST4931,Ananya Gupta,Female,61,Current,BR101,Shivajinagar Branch,Chennai,2025-01-09,00:41:48,Withdrawal,Mobile Banking,62507.58,294482.79,231975.21,Travel,Failed,iPhone,Yes,46,No,476,6-10 LPA,HNI
TXN000376,CUST6015,Siddharth Rao,Male,33,Savings,BR107,Shivajinagar Branch,Kolkata,2025-01-16,09:00:43,Payment,Branch,25382.57,293244.17,267861.6,Travel,Failed,iPhone,No,6,No,528,6-10 LPA,Premium
TXN000377,CUST2347,Vikram Reddy,Male,49,Current,BR119,Banjara Hills Branch,Hyderabad,2025-01-19,04:39:59,Deposit,UPI,86290.93,255522.77,341813.7,Retail,Failed,iPhone,No,38,No,544,3-6 LPA,Premium
TXN000378,CUST8915,Aditi Mishra,Female,49,Savings,BR106,Connaught Place Branch,Chennai,2025-01-27,16:48:06,Transfer,Branch,14600.27,17498.35,32098.62,Grocery,Failed,iPhone,Yes,53,Yes,862,20+ LPA,Premium
TXN000379,CUST3491,Priya Nair,Female,60,Savings,BR114,MG Road Branch,Chennai,2025-11-24,06:47:34,Withdrawal,UPI,74795.88,150736.3,75940.42,Travel,Success,iPhone,No,79,No,746,3-6 LPA,Premium
TXN000380,CUST4123,Ishita Jain,Female,62,Savings,BR103,Connaught Place Branch,Hyderabad,2024-11-29,10:00:46,Withdrawal,Internet Banking,72003.21,181062.45,109059.24,Utilities,Pending,Tablet,Yes,50,No,317,10-20 LPA,Premium
TXN000381,CUST8103,Neha Singh,Female,21,Savings,BR106,Fort Branch,Mumbai,2025-01-31,01:56:35,Payment,ATM,8316.69,101949.08,93632.39,Travel,Success,Tablet,No,27,No,391,0-3 LPA,Premium
TXN000382,CUST8654,Pooja Yadav,Female,27,Savings,BR102,Shivajinagar Branch,Mumbai,2025-10-17,18:41:37,Payment,UPI,97256.53,304964.03,207707.5,Retail,Pending,Android,Yes,87,Yes,740,3-6 LPA,HNI
TXN000383,CUST6148,Siddharth Rao,Male,57,Current,BR111,Connaught Place Branch,Chennai,2024-10-11,11:13:30,Payment,POS,7535.71,136553.61,129017.9,Utilities,Failed,iPhone,Yes,36,No,810,10-20 LPA,HNI
TXN000384,CUST8021,Aarav Sharma,Male,34,Current,BR111,Fort Branch,Bengaluru,2025-07-10,16:41:38,Withdrawal,POS,90731.02,271075.52,180344.5,Retail,Pending,iPhone,No,35,No,473,10-20 LPA,Corporate
TXN000385,CUST6422,Meera Kapoor,Female,28,Current,BR110,Shivajinagar Branch,Hyderabad,2025-03-16,06:05:03,Withdrawal,POS,31235.81,318767.24,287531.43,Travel,Failed,Android,No,88,Yes,486,3-6 LPA,Corporate
TXN000386,CUST4591,Pooja Yadav,Female,65,Savings,BR108,Connaught Place Branch,Kolkata,2024-09-09,03:47:07,Payment,UPI,14970.08,277244.46,262274.38,E-commerce,Pending,iPhone,No,19,Yes,311,3-6 LPA,Premium
TXN000387,CUST4725,Aditi Mishra,Female,31,Current,BR118,Shivajinagar Branch,Mumbai,2024-05-11,00:56:03,Payment,ATM,41078.03,106835.83,65757.8,E-commerce,Pending,Android,No,57,No,409,0-3 LPA,Corporate
TXN000388,CUST8336,Karan Malhotra,Male,25,Savings,BR120,Banjara Hills Branch,Kolkata,2024-10-15,16:57:29,Withdrawal,Branch,26571.76,219925.6,193353.84,Healthcare,Pending,Android,No,38,Yes,547,20+ LPA,Retail
TXN000389,CUST3031,Aditi Mishra,Female,56,Savings,BR105,Fort Branch,Mumbai,2024-04-24,10:44:07,Transfer,Mobile Banking,45100.18,100351.15,145451.33,Utilities,Failed,Desktop,No,14,Yes,745,10-20 LPA,HNI
TXN000390,CUST9740,Meera Kapoor,Female,46,Current,BR112,Shivajinagar Branch,Pune,2024-05-31,07:32:29,Payment,ATM,71951.48,104191.84,32240.36,Grocery,Success,Desktop,No,84,No,855,3-6 LPA,Corporate
TXN000391,CUST7525,Arjun Deshmukh,Male,21,Current,BR118,MG Road Branch,Mumbai,2024-12-02,15:09:25,Payment,Internet Banking,27440.73,398781.35,371340.62,Retail,Pending,Android,No,98,No,854,3-6 LPA,HNI
TXN000392,CUST8318,Vikram Reddy,Male,40,Savings,BR118,Connaught Place Branch,Delhi,2025-06-01,19:26:16,Withdrawal,Internet Banking,14215.16,188838.74,174623.58,Retail,Success,Desktop,Yes,6,No,618,10-20 LPA,Corporate
TXN000393,CUST2045,Rohan Joshi,Male,52,Current,BR107,MG Road Branch,Bengaluru,2024-02-15,07:52:21,Withdrawal,ATM,14235.64,30202.86,15967.22,Grocery,Pending,Desktop,No,27,Yes,313,20+ LPA,Retail
TXN000394,CUST8607,Aarav Sharma,Male,25,Savings,BR103,Fort Branch,Kolkata,2025-07-23,04:06:23,Transfer,Internet Banking,47278.9,231243.6,278522.5,Dining,Pending,Android,No,71,No,333,6-10 LPA,Corporate
TXN000395,CUST1795,Aditi Mishra,Female,42,Current,BR103,Shivajinagar Branch,Kolkata,2025-04-17,17:31:46,Transfer,Mobile Banking,73379.68,436091.7,509471.38,Travel,Failed,Android,No,19,No,617,10-20 LPA,HNI
TXN000396,CUST1415,Nikhil Chavan,Male,38,Savings,BR119,MG Road Branch,Bengaluru,2025-09-14,01:54:43,Withdrawal,Internet Banking,73196.36,282774.56,209578.2,Healthcare,Success,Desktop,No,56,No,490,3-6 LPA,Premium
TXN000397,CUST9422,Priya Nair,Female,26,Current,BR107,Connaught Place Branch,Chennai,2025-01-17,10:01:02,Transfer,Internet Banking,78055.01,424888.84,502943.85,E-commerce,Failed,Tablet,No,83,Yes,762,0-3 LPA,Premium
TXN000398,CUST1774,Arjun Deshmukh,Male,35,Savings,BR114,Fort Branch,Mumbai,2024-05-04,07:15:42,Deposit,ATM,19962.48,113493.42,133455.9,Education,Success,iPhone,No,34,Yes,377,6-10 LPA,Retail
TXN000399,CUST7923,Aditi Mishra,Female,28,Current,BR111,Shivajinagar Branch,Kolkata,2025-12-07,02:17:20,Transfer,POS,11605.09,367071.8,378676.89,Education,Pending,Android,No,50,No,857,20+ LPA,HNI
TXN000400,CUST6599,Siddharth Rao,Male,41,Savings,BR107,Connaught Place Branch,Pune,2025-06-29,20:41:25,Withdrawal,ATM,36417.92,113214.1,76796.18,Education,Success,Tablet,Yes,2,Yes,578,3-6 LPA,HNI
TXN000401,CUST8995,Pooja Yadav,Female,52,Current,BR104,Banjara Hills Branch,Mumbai,2024-07-01,09:01:58,Transfer,ATM,89393.79,328355.13,417748.92,Healthcare,Failed,Desktop,No,93,Yes,562,0-3 LPA,Premium
TXN000402,CUST4223,Siddharth Rao,Male,59,Savings,BR103,MG Road Branch,Kolkata,2025-06-29,03:47:02,Transfer,Internet Banking,99963.53,5052.44,105015.97,Healthcare,Failed,iPhone,Yes,13,No,406,10-20 LPA,Premium
TXN000403,CUST1425,Ananya Gupta,Female,52,Current,BR115,Fort Branch,Delhi,2024-10-22,22:07:12,Payment,Mobile Banking,13716.21,171635.08,157918.87,Retail,Pending,iPhone,No,44,Yes,323,6-10 LPA,Retail
TXN000404,CUST1529,Ananya Gupta,Female,49,Savings,BR117,Fort Branch,Delhi,2024-01-21,04:59:50,Transfer,Mobile Banking,47152.61,403576.04,450728.65,Education,Failed,Tablet,No,13,Yes,367,20+ LPA,Retail
TXN000405,CUST7190,Aditya Verma,Male,41,Current,BR120,Fort Branch,Kolkata,2025-01-18,20:18:25,Payment,Mobile Banking,82675.27,394140.27,311465,Utilities,Pending,Tablet,No,9,Yes,530,6-10 LPA,HNI
TXN000406,CUST6443,Ishita Jain,Female,61,Savings,BR106,Connaught Place Branch,Mumbai,2025-03-14,10:10:58,Transfer,ATM,64650.18,338130.01,402780.19,Healthcare,Pending,iPhone,No,26,Yes,571,6-10 LPA,Corporate
TXN000407,CUST3407,Rahul Mehta,Male,46,Savings,BR119,MG Road Branch,Chennai,2025-07-24,14:15:26,Payment,ATM,3391.67,95339,91947.33,Travel,Failed,Android,No,39,No,740,20+ LPA,Retail
TXN000408,CUST2090,Aditi Mishra,Female,41,Savings,BR105,Banjara Hills Branch,Chennai,2024-10-03,10:39:13,Deposit,Branch,86106.75,180361.84,266468.59,Grocery,Pending,iPhone,No,98,No,399,20+ LPA,Premium
TXN000409,CUST3901,Karan Malhotra,Male,58,Current,BR108,Banjara Hills Branch,Delhi,2025-02-08,13:48:00,Deposit,Mobile Banking,25368.09,135284.65,160652.74,E-commerce,Success,Desktop,No,12,Yes,736,10-20 LPA,Retail
TXN000410,CUST4791,Aarav Sharma,Male,25,Current,BR112,Fort Branch,Chennai,2024-04-26,02:46:26,Payment,POS,23222.41,131707.66,108485.25,Dining,Success,Desktop,Yes,21,No,579,20+ LPA,Corporate
TXN000411,CUST7563,Nikhil Chavan,Male,35,Current,BR101,Connaught Place Branch,Hyderabad,2025-03-08,20:52:41,Payment,UPI,5031.87,224184.72,219152.85,Retail,Success,Desktop,No,60,No,724,10-20 LPA,Corporate
TXN000412,CUST7473,Sneha Kulkarni,Female,58,Savings,BR105,Shivajinagar Branch,Chennai,2024-06-22,01:25:24,Transfer,Branch,66101.7,12566.33,78668.03,Utilities,Pending,Desktop,No,33,Yes,375,6-10 LPA,Corporate
TXN000413,CUST8195,Kavya Iyer,Female,48,Savings,BR106,Fort Branch,Hyderabad,2025-06-07,02:07:46,Payment,Mobile Banking,96085.39,302196.53,206111.14,Utilities,Success,Desktop,No,63,No,834,3-6 LPA,Corporate
TXN000414,CUST1555,Kavya Iyer,Female,63,Savings,BR118,MG Road Branch,Kolkata,2024-08-27,22:18:40,Deposit,POS,75380.68,210067.8,285448.48,E-commerce,Success,Tablet,Yes,34,No,861,20+ LPA,HNI
TXN000415,CUST6291,Meera Kapoor,Female,57,Savings,BR104,MG Road Branch,Pune,2024-12-20,19:39:30,Withdrawal,POS,5051.21,477857.37,472806.16,Dining,Success,Tablet,Yes,89,No,338,0-3 LPA,Retail
TXN000416,CUST6705,Karan Malhotra,Male,56,Savings,BR119,MG Road Branch,Ahmedabad,2025-07-25,07:36:32,Withdrawal,UPI,85991.58,30122.02,0,E-commerce,Pending,Tablet,No,70,No,823,10-20 LPA,Retail
TXN000417,CUST6736,Arjun Deshmukh,Male,29,Savings,BR101,Shivajinagar Branch,Delhi,2024-09-21,10:17:24,Deposit,Branch,30397.45,14724.38,45121.83,Grocery,Pending,Tablet,No,25,No,307,20+ LPA,HNI
TXN000418,CUST7987,Sneha Kulkarni,Female,50,Savings,BR104,MG Road Branch,Pune,2025-08-23,20:40:15,Payment,ATM,99030.05,327329.55,228299.5,E-commerce,Failed,Desktop,No,93,No,715,3-6 LPA,Corporate
TXN000419,CUST1227,Kavya Iyer,Female,27,Current,BR113,Connaught Place Branch,Hyderabad,2025-02-12,10:58:25,Payment,Internet Banking,85971.96,139267.93,53295.97,Dining,Success,Android,No,3,Yes,788,3-6 LPA,Premium
TXN000420,CUST7203,Aditya Verma,Male,45,Current,BR102,Banjara Hills Branch,Ahmedabad,2024-02-16,08:50:06,Deposit,UPI,73073.5,402276.29,475349.79,Utilities,Success,Android,No,12,No,302,3-6 LPA,Retail
TXN000421,CUST1603,Ananya Gupta,Female,39,Current,BR103,Fort Branch,Ahmedabad,2025-04-17,20:25:12,Payment,Internet Banking,64485.3,328038.14,263552.84,Retail,Pending,Tablet,Yes,78,Yes,774,10-20 LPA,HNI
TXN000422,CUST7792,Aarav Sharma,Male,37,Current,BR109,Connaught Place Branch,Hyderabad,2024-08-02,23:18:37,Payment,Internet Banking,24086.54,423535.17,399448.63,Education,Failed,iPhone,Yes,65,No,573,0-3 LPA,Retail
TXN000423,CUST7577,Rahul Mehta,Male,32,Savings,BR101,MG Road Branch,Mumbai,2024-01-25,13:39:03,Payment,POS,92988.95,119935.25,26946.3,Utilities,Failed,Desktop,No,12,Yes,476,3-6 LPA,HNI
TXN000424,CUST9273,Rahul Mehta,Male,64,Savings,BR110,Banjara Hills Branch,Pune,2025-12-14,02:33:14,Payment,Mobile Banking,83946.35,141028.23,57081.88,Retail,Failed,Android,No,58,Yes,681,10-20 LPA,HNI
TXN000425,CUST1247,Priya Nair,Female,43,Current,BR112,MG Road Branch,Bengaluru,2025-01-07,18:31:44,Payment,Internet Banking,87542.32,498470.11,410927.79,Dining,Failed,Android,No,9,Yes,620,3-6 LPA,Retail
TXN000426,CUST5734,Vivaan Patel,Male,24,Savings,BR111,Connaught Place Branch,Chennai,2025-04-23,22:45:29,Transfer,ATM,29231.67,481953.29,511184.96,Travel,Success,iPhone,No,90,No,809,0-3 LPA,HNI
TXN000427,CUST7264,Priya Nair,Female,63,Current,BR114,Banjara Hills Branch,Hyderabad,2025-04-18,13:15:44,Payment,Internet Banking,9196.9,323458.88,314261.98,Healthcare,Success,Desktop,Yes,10,No,840,6-10 LPA,HNI
TXN000428,CUST9038,Rohan Joshi,Male,46,Savings,BR115,Connaught Place Branch,Bengaluru,2025-07-20,16:52:41,Deposit,Internet Banking,18104.97,31119.04,49224.01,Healthcare,Failed,iPhone,No,93,Yes,536,6-10 LPA,Corporate
TXN000429,CUST5231,Kavya Iyer,Female,62,Savings,BR120,Connaught Place Branch,Kolkata,2025-04-05,07:35:57,Deposit,Internet Banking,10218.42,417737.42,427955.84,Utilities,Pending,Desktop,No,23,Yes,474,6-10 LPA,Premium
TXN000430,CUST2354,Vikram Reddy,Male,30,Savings,BR118,MG Road Branch,Hyderabad,2024-11-18,02:09:53,Transfer,ATM,22920.83,227617.1,250537.93,Grocery,Success,Android,No,37,Yes,840,6-10 LPA,Premium
TXN000431,CUST6413,Aditya Verma,Male,46,Current,BR113,Connaught Place Branch,Hyderabad,2024-09-28,06:21:08,Withdrawal,POS,64239.99,219623.01,155383.02,Education,Pending,Android,Yes,3,Yes,654,20+ LPA,HNI
TXN000432,CUST8930,Neha Singh,Female,37,Savings,BR116,Connaught Place Branch,Chennai,2024-06-22,00:43:51,Payment,Internet Banking,60447.18,300041.89,239594.71,Retail,Success,Tablet,No,33,Yes,545,0-3 LPA,HNI
TXN000433,CUST7009,Meera Kapoor,Female,22,Current,BR105,MG Road Branch,Pune,2024-06-16,07:32:38,Transfer,POS,26281.36,426130.4,452411.76,Travel,Success,Tablet,Yes,52,No,857,0-3 LPA,Premium
TXN000434,CUST3336,Vivaan Patel,Male,28,Current,BR105,Shivajinagar Branch,Bengaluru,2024-05-23,17:04:04,Transfer,UPI,73576.84,103468.75,177045.59,Utilities,Failed,Desktop,No,5,No,651,3-6 LPA,Retail
TXN000435,CUST6386,Sneha Kulkarni,Female,65,Current,BR119,Shivajinagar Branch,Ahmedabad,2024-09-01,12:22:07,Deposit,Internet Banking,27946.99,437785.69,465732.68,Grocery,Pending,Android,No,81,No,496,10-20 LPA,Retail
TXN000436,CUST2947,Sneha Kulkarni,Female,63,Current,BR118,Banjara Hills Branch,Mumbai,2025-12-26,00:26:01,Payment,ATM,12397.04,160115.3,147718.26,Dining,Failed,Android,Yes,98,No,674,6-10 LPA,Retail
TXN000437,CUST6826,Rohan Joshi,Male,47,Savings,BR119,MG Road Branch,Kolkata,2024-06-14,11:01:09,Withdrawal,POS,33654.64,277668.78,244014.14,Grocery,Failed,Tablet,No,5,No,777,20+ LPA,HNI
TXN000438,CUST3325,Rohan Joshi,Male,33,Current,BR107,Shivajinagar Branch,Ahmedabad,2025-08-01,20:29:35,Transfer,Internet Banking,40701.95,456934.9,497636.85,Utilities,Success,Desktop,No,25,No,856,20+ LPA,Retail
TXN000439,CUST4528,Neha Singh,Female,57,Current,BR116,Shivajinagar Branch,Ahmedabad,2024-10-05,16:23:39,Transfer,POS,78137.88,63831.05,141968.93,Utilities,Success,Tablet,No,65,Yes,708,6-10 LPA,HNI
TXN000440,CUST1365,Sneha Kulkarni,Female,22,Savings,BR105,Banjara Hills Branch,Kolkata,2025-04-17,08:38:44,Deposit,Branch,19881.24,228054.33,247935.57,Utilities,Failed,Android,No,81,No,803,6-10 LPA,Corporate
TXN000441,CUST3109,Aditi Mishra,Female,53,Current,BR117,Connaught Place Branch,Pune,2024-10-24,10:54:42,Withdrawal,Branch,23410.87,461859.01,438448.14,E-commerce,Success,Android,No,47,Yes,460,3-6 LPA,Retail
TXN000442,CUST1785,Arjun Deshmukh,Male,55,Current,BR107,Connaught Place Branch,Delhi,2024-03-09,12:05:51,Withdrawal,Mobile Banking,77058.93,14840.65,0,Education,Failed,Android,Yes,10,Yes,897,10-20 LPA,Corporate
TXN000443,CUST6298,Aditya Verma,Male,24,Savings,BR115,Fort Branch,Hyderabad,2025-04-03,01:32:19,Deposit,ATM,904.14,81676.38,82580.52,Travel,Failed,Desktop,No,93,No,552,0-3 LPA,Corporate
TXN000444,CUST5308,Vikram Reddy,Male,24,Savings,BR102,MG Road Branch,Delhi,2024-10-23,00:55:15,Payment,ATM,26660.5,249147.16,222486.66,Retail,Success,Tablet,No,15,No,770,20+ LPA,HNI
TXN000445,CUST1859,Siddharth Rao,Male,39,Current,BR106,Fort Branch,Hyderabad,2024-03-01,21:11:18,Deposit,Internet Banking,2416.33,100179.71,102596.04,Education,Success,Android,No,31,No,802,3-6 LPA,Corporate
TXN000446,CUST9225,Ananya Gupta,Female,60,Savings,BR114,Fort Branch,Mumbai,2025-09-10,17:44:27,Payment,Mobile Banking,74631.8,94278.29,19646.49,Grocery,Failed,Desktop,No,35,No,594,6-10 LPA,HNI
TXN000447,CUST2655,Aarav Sharma,Male,58,Current,BR118,Shivajinagar Branch,Bengaluru,2024-07-28,10:44:21,Transfer,ATM,40992.07,279550.86,320542.93,Travel,Success,Desktop,No,50,No,330,0-3 LPA,HNI
TXN000448,CUST7638,Neha Singh,Female,65,Current,BR103,Shivajinagar Branch,Hyderabad,2025-08-09,16:53:01,Withdrawal,UPI,3286.57,488478.89,485192.32,Grocery,Success,iPhone,No,1,Yes,723,0-3 LPA,HNI
TXN000449,CUST2575,Aarav Sharma,Male,49,Savings,BR101,Fort Branch,Chennai,2024-08-31,15:42:22,Payment,UPI,32733.8,21841.89,0,Travel,Pending,iPhone,No,56,Yes,413,20+ LPA,Corporate
TXN000450,CUST3635,Aditya Verma,Male,51,Current,BR116,Fort Branch,Chennai,2025-11-04,20:42:09,Transfer,POS,67048.55,167718.55,234767.1,Retail,Pending,iPhone,No,57,No,608,3-6 LPA,Premium
TXN000451,CUST9049,Ishita Jain,Female,51,Current,BR117,MG Road Branch,Kolkata,2024-01-08,01:42:07,Withdrawal,ATM,80750.02,105614.26,24864.24,Dining,Success,Android,Yes,77,Yes,302,6-10 LPA,Retail
TXN000452,CUST6618,Vikram Reddy,Male,26,Savings,BR103,Fort Branch,Kolkata,2025-06-08,08:32:08,Deposit,ATM,36169.08,190342.55,226511.63,Education,Success,iPhone,No,100,Yes,651,20+ LPA,HNI
TXN000453,CUST8822,Rohan Joshi,Male,44,Savings,BR106,Connaught Place Branch,Chennai,2024-09-25,23:04:13,Transfer,ATM,50583.29,177180.03,227763.32,Healthcare,Success,Android,No,11,No,771,20+ LPA,HNI
TXN000454,CUST8684,Meera Kapoor,Female,28,Savings,BR118,Banjara Hills Branch,Mumbai,2024-11-17,04:52:34,Transfer,Internet Banking,2384.62,405421.67,407806.29,Grocery,Pending,iPhone,No,71,Yes,718,20+ LPA,Corporate
TXN000455,CUST8779,Rahul Mehta,Male,38,Current,BR103,Banjara Hills Branch,Ahmedabad,2024-06-27,05:29:39,Deposit,Branch,35674.42,354817.36,390491.78,Healthcare,Failed,Desktop,Yes,91,No,820,10-20 LPA,Corporate
TXN000456,CUST2658,Nikhil Chavan,Male,45,Current,BR120,MG Road Branch,Kolkata,2025-01-20,08:53:33,Payment,POS,53651.33,65689.2,12037.87,Education,Pending,Tablet,No,5,No,720,20+ LPA,Corporate
TXN000457,CUST2053,Pooja Yadav,Female,52,Savings,BR105,MG Road Branch,Bengaluru,2024-09-11,04:07:57,Payment,POS,9690.84,13722.13,4031.29,Dining,Pending,Android,No,3,Yes,682,3-6 LPA,Retail
TXN000458,CUST6934,Ananya Gupta,Female,28,Savings,BR111,Shivajinagar Branch,Pune,2025-03-01,00:18:58,Transfer,POS,8242.19,271297.45,279539.64,Utilities,Success,Tablet,No,87,No,398,3-6 LPA,HNI
TXN000459,CUST5050,Rahul Mehta,Male,52,Current,BR118,Banjara Hills Branch,Bengaluru,2024-08-19,08:59:37,Transfer,ATM,95724.19,338351.52,434075.71,Utilities,Failed,Android,No,8,Yes,858,6-10 LPA,Premium
TXN000460,CUST8980,Priya Nair,Female,25,Savings,BR104,MG Road Branch,Ahmedabad,2025-04-24,16:50:08,Transfer,POS,94880.62,393717.16,488597.78,Retail,Success,iPhone,No,47,Yes,695,10-20 LPA,Corporate
TXN000461,CUST9799,Aarav Sharma,Male,30,Savings,BR106,Connaught Place Branch,Pune,2024-02-28,19:53:56,Payment,Internet Banking,45948.26,248742.61,202794.35,Dining,Success,Android,No,63,No,607,10-20 LPA,HNI
TXN000462,CUST5134,Pooja Yadav,Female,42,Savings,BR115,Banjara Hills Branch,Kolkata,2024-06-12,14:47:44,Transfer,Branch,28833.62,352468.38,381302,Healthcare,Failed,Desktop,Yes,22,No,472,6-10 LPA,HNI
TXN000463,CUST3960,Tanvi Patil,Female,58,Savings,BR119,Connaught Place Branch,Ahmedabad,2024-11-15,04:47:13,Withdrawal,Internet Banking,37635.42,296259.54,258624.12,Retail,Pending,Android,Yes,80,No,391,0-3 LPA,HNI
TXN000464,CUST9139,Neha Singh,Female,57,Savings,BR108,Fort Branch,Hyderabad,2025-08-16,20:36:10,Withdrawal,Internet Banking,62676.27,138908.76,76232.49,Retail,Success,Desktop,Yes,42,Yes,686,0-3 LPA,Corporate
TXN000465,CUST3274,Ananya Gupta,Female,27,Savings,BR112,Shivajinagar Branch,Pune,2025-08-11,17:55:15,Withdrawal,POS,48560.94,364087.19,315526.25,Education,Failed,iPhone,Yes,41,Yes,608,6-10 LPA,Corporate
TXN000466,CUST1160,Vikram Reddy,Male,24,Current,BR102,Connaught Place Branch,Ahmedabad,2024-10-29,22:35:21,Deposit,Mobile Banking,45219.02,271191.44,316410.46,Travel,Success,iPhone,No,50,Yes,798,3-6 LPA,HNI
TXN000467,CUST4461,Pooja Yadav,Female,21,Savings,BR110,MG Road Branch,Hyderabad,2025-07-05,21:03:48,Withdrawal,ATM,79368.96,154076.66,74707.7,Retail,Pending,Desktop,No,20,Yes,661,20+ LPA,Premium
TXN000468,CUST7692,Karan Malhotra,Male,44,Savings,BR109,Connaught Place Branch,Delhi,2024-10-19,17:26:59,Payment,Internet Banking,52730.41,93167.1,40436.69,Education,Failed,Tablet,No,87,No,586,10-20 LPA,Corporate
TXN000469,CUST2667,Tanvi Patil,Female,50,Savings,BR113,MG Road Branch,Bengaluru,2024-12-31,01:09:56,Transfer,ATM,90611.09,262026.67,352637.76,Healthcare,Pending,Android,No,37,Yes,515,3-6 LPA,Retail
TXN000470,CUST7075,Ananya Gupta,Female,64,Savings,BR116,Banjara Hills Branch,Chennai,2024-06-28,07:04:52,Deposit,UPI,15989.79,291244.51,307234.3,Travel,Success,Tablet,No,56,No,898,6-10 LPA,Retail
TXN000471,CUST2827,Kavya Iyer,Female,64,Savings,BR119,Banjara Hills Branch,Mumbai,2025-12-05,06:32:54,Withdrawal,Internet Banking,46346.03,140861.17,94515.14,Dining,Failed,Tablet,No,100,No,818,6-10 LPA,Corporate
TXN000472,CUST9949,Rahul Mehta,Male,58,Current,BR115,Banjara Hills Branch,Bengaluru,2025-07-13,16:39:54,Transfer,POS,97817.84,126458.9,224276.74,Healthcare,Failed,iPhone,No,6,No,837,20+ LPA,Premium
TXN000473,CUST6915,Vivaan Patel,Male,33,Current,BR110,MG Road Branch,Delhi,2024-11-02,21:28:15,Transfer,POS,90462.13,271404.13,361866.26,Retail,Failed,Desktop,No,78,Yes,778,10-20 LPA,Premium
TXN000474,CUST8319,Neha Singh,Female,38,Current,BR118,Connaught Place Branch,Pune,2024-06-02,20:22:05,Withdrawal,POS,43639.01,418443.08,374804.07,Retail,Pending,Android,Yes,24,No,558,6-10 LPA,Retail
TXN000475,CUST4041,Rohan Joshi,Male,59,Current,BR113,MG Road Branch,Chennai,2025-11-07,11:40:01,Transfer,ATM,7836.67,32282.28,40118.95,E-commerce,Failed,Tablet,Yes,69,Yes,570,0-3 LPA,HNI
TXN000476,CUST5756,Aditi Mishra,Female,23,Savings,BR108,MG Road Branch,Chennai,2025-08-06,22:13:26,Deposit,Internet Banking,49945.75,411818.86,461764.61,E-commerce,Failed,Tablet,Yes,72,No,462,0-3 LPA,Retail
TXN000477,CUST1627,Aarav Sharma,Male,31,Savings,BR114,Connaught Place Branch,Hyderabad,2025-05-02,19:15:49,Payment,Branch,69016.59,257079.08,188062.49,Grocery,Success,Desktop,Yes,36,No,429,10-20 LPA,HNI
TXN000478,CUST7282,Meera Kapoor,Female,34,Current,BR101,MG Road Branch,Kolkata,2025-02-27,11:57:20,Transfer,POS,27326.95,100827.78,128154.73,Dining,Success,Desktop,No,85,Yes,751,3-6 LPA,Retail
TXN000479,CUST3792,Aditi Mishra,Female,25,Savings,BR117,MG Road Branch,Bengaluru,2025-03-13,05:51:43,Transfer,ATM,15780.22,347215.92,362996.14,Grocery,Success,Android,No,91,Yes,567,10-20 LPA,Premium
TXN000480,CUST7327,Rahul Mehta,Male,50,Current,BR101,Shivajinagar Branch,Bengaluru,2025-06-14,14:55:50,Payment,Internet Banking,43473.01,276355.24,232882.23,Travel,Failed,iPhone,Yes,48,Yes,334,20+ LPA,Corporate
TXN000481,CUST1228,Rohan Joshi,Male,30,Savings,BR103,Banjara Hills Branch,Chennai,2024-11-04,01:04:09,Payment,Branch,45201.7,393944.9,348743.2,Grocery,Failed,iPhone,No,36,Yes,446,0-3 LPA,Premium
TXN000482,CUST8127,Aditya Verma,Male,30,Savings,BR105,MG Road Branch,Kolkata,2025-02-13,02:49:24,Deposit,Mobile Banking,12712.24,412759.78,425472.02,Travel,Pending,Android,Yes,85,No,641,3-6 LPA,Corporate
TXN000483,CUST5909,Rohan Joshi,Male,61,Savings,BR103,Fort Branch,Ahmedabad,2024-10-30,06:16:16,Payment,POS,51803.94,173842.82,122038.88,Healthcare,Success,Android,No,31,No,595,20+ LPA,HNI
TXN000484,CUST6237,Arjun Deshmukh,Male,61,Savings,BR113,MG Road Branch,Pune,2025-05-17,05:20:20,Transfer,ATM,44560.44,228594.54,273154.98,Retail,Failed,Desktop,No,74,Yes,732,20+ LPA,Premium
TXN000485,CUST5057,Vikram Reddy,Male,35,Savings,BR105,MG Road Branch,Kolkata,2025-06-15,15:46:31,Payment,Internet Banking,11690.25,482897.61,471207.36,Dining,Pending,Desktop,No,84,Yes,431,20+ LPA,Corporate
TXN000486,CUST8692,Ishita Jain,Female,36,Current,BR113,Connaught Place Branch,Pune,2024-08-23,04:39:46,Payment,UPI,15573.84,95195.94,79622.1,Retail,Success,iPhone,Yes,32,No,442,0-3 LPA,Premium
TXN000487,CUST1917,Priya Nair,Female,47,Current,BR119,Shivajinagar Branch,Chennai,2025-08-09,05:01:31,Transfer,POS,68295.84,237077.63,305373.47,Travel,Pending,Tablet,No,35,No,786,0-3 LPA,Retail
TXN000488,CUST9638,Pooja Yadav,Female,51,Savings,BR119,MG Road Branch,Chennai,2025-12-21,19:28:44,Payment,ATM,33180.9,395427.1,362246.2,Healthcare,Failed,Desktop,No,11,Yes,564,0-3 LPA,Corporate
TXN000489,CUST5599,Ananya Gupta,Female,42,Savings,BR118,Connaught Place Branch,Bengaluru,2024-02-09,12:33:30,Payment,POS,3409.71,37597.69,34187.98,Dining,Success,Tablet,No,16,Yes,417,3-6 LPA,Retail
TXN000490,CUST8753,Kavya Iyer,Female,48,Current,BR113,MG Road Branch,Ahmedabad,2024-06-01,10:59:14,Withdrawal,Branch,46790.11,263911.98,217121.87,Grocery,Success,Android,No,37,No,869,0-3 LPA,Premium
TXN000491,CUST9937,Aarav Sharma,Male,31,Savings,BR119,MG Road Branch,Hyderabad,2025-12-24,02:50:12,Deposit,ATM,18409.41,232570.46,250979.87,E-commerce,Pending,Tablet,Yes,19,Yes,313,3-6 LPA,Retail
TXN000492,CUST2470,Tanvi Patil,Female,38,Current,BR116,Connaught Place Branch,Pune,2025-07-26,18:49:43,Deposit,UPI,61134.37,361422.57,422556.94,Grocery,Pending,Tablet,No,40,Yes,340,10-20 LPA,Premium
TXN000493,CUST1592,Rohan Joshi,Male,59,Savings,BR117,Banjara Hills Branch,Delhi,2025-05-22,08:23:44,Deposit,Internet Banking,37346.5,334856.91,372203.41,Retail,Failed,iPhone,Yes,52,No,591,6-10 LPA,HNI
TXN000494,CUST9163,Aditi Mishra,Female,27,Current,BR103,Shivajinagar Branch,Hyderabad,2024-02-23,09:27:56,Deposit,UPI,73959.72,190200.43,264160.15,Grocery,Failed,iPhone,No,67,No,453,3-6 LPA,HNI
TXN000495,CUST9495,Kavya Iyer,Female,56,Savings,BR117,Banjara Hills Branch,Mumbai,2024-06-28,13:09:17,Deposit,Mobile Banking,55416.98,287318.68,342735.66,Healthcare,Pending,Tablet,No,64,Yes,597,10-20 LPA,HNI
TXN000496,CUST6091,Siddharth Rao,Male,59,Savings,BR105,Shivajinagar Branch,Chennai,2025-11-14,10:58:32,Transfer,POS,63147.45,337460.74,400608.19,Grocery,Failed,Desktop,No,88,No,673,0-3 LPA,HNI
TXN000497,CUST8784,Meera Kapoor,Female,52,Savings,BR101,MG Road Branch,Ahmedabad,2025-03-06,11:42:41,Payment,Mobile Banking,31050.89,360743.58,329692.69,Grocery,Success,Tablet,No,36,No,538,6-10 LPA,HNI
TXN000498,CUST6156,Vivaan Patel,Male,43,Current,BR113,MG Road Branch,Bengaluru,2024-04-19,23:44:09,Payment,Branch,61555.98,462099.45,400543.47,Education,Failed,Desktop,No,72,Yes,806,3-6 LPA,HNI
TXN000499,CUST3462,Aarav Sharma,Male,42,Savings,BR109,Fort Branch,Ahmedabad,2024-02-23,21:06:31,Withdrawal,Mobile Banking,34024.67,134140.35,100115.68,Healthcare,Success,Desktop,No,77,No,574,20+ LPA,HNI
TXN000500,CUST3732,Vivaan Patel,Male,21,Savings,BR110,Banjara Hills Branch,Bengaluru,2025-04-16,12:43:15,Transfer,ATM,49780.86,319739.57,369520.43,Healthcare,Failed,Tablet,No,4,Yes,846,6-10 LPA,Retail
